item_index,unicode_nll,unicode_n_scored,unicode_n_chars,unicode_n_bytes,unicode_n_words,human_nll,human_n_scored,human_n_chars,human_n_bytes,human_n_words,ours_nll,ours_n_scored,ours_n_chars,ours_n_bytes,ours_n_words
0,87.82394409179688,40,30,78,6,96.54838466644287,13,38,38,6,102.53031730651855,14,39,39,6
1,66.2858612537384,33,24,66,4,75.03555679321289,9,28,28,4,84.75876522064209,11,30,30,4
2,92.62161254882812,42,31,83,6,91.74108266830444,13,36,36,6,106.47162437438965,15,39,39,6
3,96.4864330291748,44,30,80,5,86.99626350402832,12,32,32,5,102.26091861724854,14,36,36,5
4,99.1505012512207,48,34,88,7,97.95677185058594,16,38,38,7,117.27985095977783,18,42,42,7
5,91.80534338951111,39,27,71,5,71.30502319335938,12,30,30,5,84.09079933166504,13,32,32,5
6,74.99433219432831,41,30,82,5,130.54078817367554,19,55,55,7,98.99921894073486,15,43,43,5
7,99.72222328186035,40,29,77,6,90.62164306640625,12,41,41,6,106.6982102394104,15,44,44,6
8,96.9679845571518,49,36,96,7,112.16837882995605,15,43,43,7,125.07204580307007,17,47,47,7
9,74.65280389785767,31,25,65,5,82.66872596740723,12,33,33,5,89.0514907836914,16,37,37,5
10,79.30181503295898,35,25,65,5,69.18719291687012,10,27,27,5,85.96953773498535,14,31,31,5
11,85.89255595207214,37,28,72,6,102.9574031829834,14,38,38,6,103.67265319824219,14,39,39,6
12,121.31898403167725,50,36,96,7,107.54862785339355,15,42,42,7,108.94226598739624,17,46,46,7
13,55.314810276031494,30,22,56,5,73.41800022125244,9,27,27,5,87.39902687072754,12,31,31,5
14,66.8014862537384,33,23,63,4,63.34321117401123,9,24,24,4,70.09387016296387,10,26,26,4
15,81.80828952789307,41,29,77,5,86.67798042297363,12,33,33,5,91.13155889511108,13,34,34,5
16,81.58888363838196,39,27,71,5,62.1677360534668,8,28,28,5,90.63920402526855,12,34,34,5
17,58.08509945869446,30,21,55,5,55.08186340332031,8,22,22,5,65.9965295791626,9,25,25,5
18,63.33789348602295,26,18,48,4,61.06416130065918,7,21,21,4,71.15353345870972,9,25,25,4
19,88.85724067687988,40,29,77,5,92.4549446105957,11,32,32,5,100.73484992980957,13,35,35,5
20,71.42370414733887,39,29,77,5,54.50482940673828,8,27,27,5,73.55717372894287,13,30,30,5
21,71.26053714752197,39,28,74,5,82.89395141601562,12,32,32,5,82.39137268066406,12,32,32,5
22,73.46133255958557,21,16,40,4,58.17853403091431,9,22,22,4,68.36444044113159,11,24,24,4
23,89.27329909801483,49,34,92,6,80.90367317199707,10,36,36,6,111.6483736038208,15,40,40,6
24,64.85615372657776,25,18,46,5,56.62306022644043,6,22,22,5,64.46720314025879,7,25,25,5
25,54.32626008987427,31,21,57,4,67.83162117004395,10,24,24,4,78.12660217285156,10,25,25,4
26,91.01674628257751,37,27,69,6,81.58018493652344,14,35,35,6,94.84145879745483,15,38,38,6
27,67.03651428222656,32,23,63,4,62.28940773010254,9,26,26,4,72.45763349533081,11,29,29,4
28,95.40893197059631,45,34,90,6,109.78782653808594,14,46,46,6,112.1608715057373,14,44,44,6
29,96.1819109916687,42,30,80,6,89.85234355926514,14,37,37,6,102.46007537841797,16,41,41,6
30,49.99309301376343,18,14,36,3,45.3447961807251,6,17,17,3,47.12912464141846,6,17,17,3
31,88.29936599731445,38,25,65,5,70.22554779052734,8,27,27,5,84.48961782455444,11,28,28,5
32,65.69658708572388,26,20,50,5,56.134077072143555,9,26,26,5,77.34552955627441,12,29,29,5
33,89.46266388893127,43,28,74,6,77.64634609222412,11,31,31,6,97.6269941329956,14,36,36,6
34,73.71650695800781,40,27,71,5,83.3274793624878,9,31,31,5,83.25474643707275,9,31,31,5
35,68.79902458190918,24,19,51,4,52.6666316986084,6,23,23,4,71.744469165802,9,26,26,4
36,92.17682898044586,53,39,101,9,100.54623651504517,17,49,49,9,132.07780838012695,20,54,54,9
37,74.42170810699463,41,30,82,5,95.45675659179688,11,37,37,5,98.3031644821167,13,39,39,5
38,62.792362451553345,29,23,61,4,76.57125949859619,10,29,29,4,76.57125949859619,10,29,29,4
39,100.49210357666016,48,35,91,7,103.60216856002808,15,41,41,7,117.17313766479492,18,45,45,7
40,103.33070611953735,49,36,96,6,118.69289875030518,15,43,43,6,126.53644561767578,16,44,44,6
41,91.27681732177734,40,29,79,5,86.13205146789551,12,35,35,5,86.6631498336792,13,36,36,5
42,111.83646559715271,55,40,104,7,114.80778694152832,15,44,44,7,135.00339889526367,19,47,47,7
43,77.05064868927002,28,20,52,4,61.201929569244385,11,24,24,4,72.30650329589844,11,28,28,4
44,62.40830159187317,23,18,48,3,55.25586748123169,7,21,21,3,54.86425018310547,8,23,23,3
45,67.86881279945374,34,24,64,5,63.661319732666016,8,27,27,5,76.63243293762207,10,29,29,5
46,99.63245558738708,49,34,88,7,95.18887424468994,14,36,36,7,113.51083374023438,16,41,41,7
47,67.80051183700562,31,22,58,5,74.66761779785156,9,24,26,5,80.42440795898438,11,27,27,5
48,76.94655179977417,29,22,58,4,57.22332000732422,9,26,26,4,70.01157236099243,11,28,28,4
49,85.20918703079224,33,24,62,5,78.98011779785156,12,31,31,5,88.51435327529907,13,33,33,5
50,85.59202194213867,40,29,75,6,78.34620904922485,11,33,33,6,104.33925724029541,14,39,39,6
51,53.30941200256348,20,15,39,3,37.68126726150513,5,16,16,3,57.60001182556152,10,22,22,3
52,101.48111295700073,43,31,81,6,81.54291439056396,14,34,34,6,107.50928688049316,17,38,38,6
53,65.23802876472473,25,18,46,4,69.03988647460938,8,22,22,4,79.91659355163574,9,24,24,4
54,81.51996612548828,32,24,64,4,90.65670776367188,12,30,30,4,87.24022769927979,14,33,33,4
55,126.27492260932922,53,37,99,7,106.35159587860107,13,41,41,7,142.72491216659546,19,50,50,7
56,84.58232164382935,44,31,81,6,79.96912384033203,11,36,36,6,103.57930040359497,13,36,36,6
57,59.28873682022095,21,17,45,3,65.0053653717041,9,23,23,3,67.84715175628662,10,24,24,3
58,97.41616821289062,64,44,118,7,129.67157077789307,18,50,50,7,144.42251110076904,22,54,54,7
59,67.15150356292725,28,19,49,4,50.574058055877686,7,20,20,4,53.7686653137207,8,22,22,4
60,88.8483099937439,37,29,77,6,84.61701965332031,12,39,39,6,97.17440700531006,14,39,39,6
61,125.86441802978516,62,43,115,8,123.01166534423828,16,45,45,8,142.2952094078064,21,51,51,8
62,61.248942136764526,23,18,48,4,61.268056869506836,9,25,25,4,75.65211296081543,9,27,27,4
63,83.65877151489258,33,24,62,5,69.24046993255615,10,30,30,5,86.93868255615234,12,33,33,5
64,63.5833740234375,25,20,52,4,58.61485958099365,7,24,24,4,65.79936981201172,10,26,26,4
65,80.58117628097534,30,21,55,4,50.690528869628906,8,22,22,4,63.890089988708496,10,25,25,4
66,101.4979362487793,40,27,71,6,73.56167602539062,8,32,32,6,103.86600494384766,15,36,36,6
67,67.15351939201355,25,18,48,4,52.091474533081055,6,20,20,4,69.1632399559021,9,24,24,4
68,55.72358679771423,21,15,37,4,48.42740058898926,5,16,16,4,49.17181205749512,6,20,20,4
69,145.55107831954956,70,49,133,6,140.43365478515625,17,52,52,6,152.18719577789307,19,55,55,6
70,108.6448245048523,54,38,100,8,113.85840034484863,14,44,44,8,132.77030754089355,18,47,47,8
71,125.3125433921814,54,37,95,8,92.71662139892578,14,42,42,8,116.5623950958252,20,47,47,8
72,107.2465569972992,62,43,115,7,116.42976522445679,17,47,47,7,126.41465330123901,19,50,50,7
73,77.94603252410889,36,24,62,5,64.91348361968994,9,26,26,5,80.43558311462402,12,29,29,5
74,92.36765384674072,44,31,83,5,76.66254997253418,10,31,31,5,89.40293836593628,13,34,34,5
75,84.64351272583008,38,27,73,5,70.1939263343811,13,31,31,5,94.6378083229065,13,34,34,5
76,86.27720403671265,38,26,68,5,69.29297733306885,9,28,28,5,84.77574348449707,10,30,30,5
77,68.30599522590637,27,20,52,5,64.29833221435547,8,25,25,5,80.64604759216309,10,28,28,5
78,113.8502459526062,49,36,96,6,97.88402700424194,13,42,42,6,126.02873754501343,19,46,46,6
79,61.00304567813873,33,24,62,5,82.47120904922485,11,33,33,5,92.11109733581543,12,35,35,5
80,76.21039009094238,36,25,65,5,69.86098289489746,10,26,26,5,83.26625156402588,14,30,30,5
81,88.41623497009277,36,27,71,5,78.45141410827637,10,33,33,5,92.84736633300781,13,37,37,5
82,78.79772186279297,32,22,56,5,56.396023750305176,7,25,25,5,70.7943058013916,10,26,26,5
83,85.32090997695923,33,24,64,5,72.13070297241211,9,29,29,5,93.03406429290771,13,32,32,5
84,62.81689453125,37,27,73,5,91.91995239257812,12,32,32,5,90.35134696960449,14,36,36,5
85,83.51504755020142,44,31,83,6,93.99376916885376,13,39,39,6,106.22517395019531,16,41,41,6
86,107.5988917350769,39,30,76,7,93.8154525756836,16,44,44,6,108.65547561645508,17,45,45,7
87,82.76846408843994,45,33,91,5,89.8322582244873,12,37,39,5,97.01633214950562,13,39,39,5
88,47.60263752937317,33,23,61,4,68.76726627349854,10,27,27,4,77.41357326507568,13,30,30,4
89,74.7498881816864,37,27,73,4,68.6854248046875,9,29,29,4,87.603515625,12,33,33,4
90,111.06214332580566,58,38,100,7,82.64023065567017,11,40,40,7,111.0327959060669,15,42,42,7
91,100.66587829589844,29,24,60,6,89.33890056610107,14,34,34,6,97.3016095161438,15,36,36,6
92,103.36284160614014,52,37,101,5,86.43595743179321,11,39,39,5,117.34561443328857,15,37,37,5
93,51.45680522918701,19,16,42,3,44.20345401763916,6,21,21,3,44.20345401763916,6,21,21,3
94,100.38486886024475,66,44,116,8,105.01256275177002,13,44,44,8,124.25584411621094,16,46,46,8
95,78.5278844833374,30,22,56,5,68.438401222229,10,29,29,5,94.24618721008301,12,33,33,5
96,97.8349256515503,52,36,96,7,108.17170715332031,16,42,42,7,120.59231519699097,17,45,45,7
97,74.86321485042572,39,27,71,5,75.69722414016724,15,31,31,5,86.81769466400146,14,33,33,5
98,90.26826596260071,43,30,78,6,89.79178047180176,12,36,36,6,109.54428100585938,16,40,40,6
99,67.15808057785034,36,25,65,5,71.9998779296875,8,29,29,5,83.13952445983887,10,30,30,5
100,51.40795826911926,34,23,63,4,70.57575225830078,10,26,26,4,81.10074615478516,11,28,28,4
101,80.61246752738953,35,25,67,5,73.35876846313477,9,29,29,5,90.89249610900879,12,33,33,5
102,97.39923191070557,42,31,83,6,93.20986747741699,12,34,34,6,108.73990058898926,15,37,37,6
103,118.66920328140259,58,40,110,6,101.52472400665283,13,43,45,6,128.83749389648438,18,47,47,6
104,87.14871263504028,38,27,71,6,83.74496841430664,9,31,31,6,82.3460898399353,11,34,34,6
105,78.74602794647217,35,25,65,4,70.59623908996582,12,28,28,4,86.10309886932373,14,31,31,4
106,136.53958225250244,74,50,132,10,129.4888801574707,18,52,52,10,137.582426071167,20,55,55,10
107,107.10247468948364,49,36,98,6,112.55952453613281,16,43,43,6,115.83274555206299,18,45,45,6
108,66.47503852844238,24,17,45,3,69.4319839477539,8,21,21,3,77.82853031158447,9,24,24,3
109,73.0827112197876,26,21,53,5,67.37947654724121,9,25,25,4,87.99813270568848,11,29,29,5
110,86.13822770118713,43,29,75,6,87.82217979431152,13,34,34,6,106.1777400970459,15,38,38,6
111,67.3799797296524,41,27,71,5,78.8837194442749,10,29,29,5,90.60966682434082,12,30,30,5
112,68.24187326431274,26,19,49,4,57.281272888183594,9,21,21,4,67.15212345123291,10,25,25,4
113,143.94708395004272,65,45,125,6,94.69162654876709,14,45,45,6,125.78205585479736,15,45,45,6
114,104.18416500091553,44,31,81,6,103.47313594818115,14,38,38,6,103.40039491653442,15,41,41,6
115,57.50335121154785,18,14,36,3,43.297667503356934,5,19,19,3,56.080543518066406,8,20,20,3
116,111.58439111709595,46,32,86,6,100.42031860351562,13,39,39,6,134.8712453842163,18,45,45,6
117,108.53744888305664,51,35,91,8,103.34892082214355,14,40,40,8,117.10745239257812,16,42,42,8
118,69.48321032524109,27,20,52,4,66.26714944839478,9,25,25,4,83.5472583770752,11,28,28,4
119,94.20375537872314,54,37,101,6,105.5706558227539,16,42,42,6,118.60394525527954,19,48,48,6
120,85.68942832946777,36,26,68,5,85.64679145812988,10,29,29,5,88.05152893066406,11,30,30,5
121,44.46957492828369,24,17,45,3,47.69739818572998,6,17,17,3,47.69739818572998,6,17,17,3
122,80.18858218193054,37,26,68,6,76.29792881011963,9,29,29,6,77.97069549560547,10,31,31,6
123,90.6607666015625,49,34,90,6,99.23294830322266,16,38,38,6,107.17925786972046,17,42,42,6
124,79.85441565513611,45,32,86,6,90.27166223526001,13,37,37,6,100.54120302200317,15,40,40,6
125,76.76250457763672,40,28,72,6,84.64688301086426,10,34,34,6,98.41426086425781,13,38,38,6
126,86.2815911769867,46,34,92,5,103.68545627593994,13,39,39,5,106.5853214263916,15,39,39,5
127,80.94571781158447,42,30,80,6,92.44328498840332,10,34,34,6,110.12008285522461,13,38,38,6
128,197.3575234413147,100,69,187,11,163.01287508010864,23,73,73,11,206.68365955352783,30,81,81,11
129,80.93420386314392,35,25,67,5,62.06732177734375,8,24,24,5,77.10675716400146,10,28,28,5
130,94.32020449638367,43,30,80,5,69.62303876876831,11,34,34,5,100.92822790145874,15,38,38,5
131,79.69467449188232,28,23,59,5,79.93221473693848,12,32,32,6,77.24746513366699,12,31,31,5
132,83.14333534240723,48,30,80,5,87.55700016021729,11,32,32,5,106.10466957092285,13,36,36,5
133,72.88981914520264,35,25,67,5,64.31124114990234,8,29,29,5,77.96841239929199,11,32,32,5
134,100.67281150817871,56,39,103,7,105.6914176940918,12,39,39,7,106.27384757995605,14,42,42,7
135,89.28445816040039,40,27,71,5,77.32515907287598,9,29,29,5,107.74996948242188,14,34,34,5
136,107.33362293243408,53,38,102,6,74.83276462554932,9,37,37,6,122.01182556152344,16,44,44,6
137,144.53587532043457,72,49,131,9,144.0370101928711,18,53,53,9,157.31752252578735,21,59,59,9
138,92.23312306404114,43,31,81,6,98.40770959854126,15,40,40,7,106.03398513793945,17,40,40,6
139,78.44740867614746,34,25,67,5,77.53759860992432,9,30,30,5,86.7109489440918,10,32,32,5
140,64.00260806083679,35,26,68,5,71.49360752105713,9,30,30,5,90.1414794921875,13,32,32,5
141,85.93639183044434,48,33,89,5,105.28879737854004,13,37,37,5,113.8927674293518,15,41,41,5
142,54.79709720611572,26,19,51,4,55.73440980911255,7,22,22,4,64.7849349975586,9,24,24,4
143,78.86494874954224,39,27,71,6,64.95391845703125,8,28,28,6,83.75930786132812,13,32,32,6
144,105.91210269927979,53,36,96,6,90.0217342376709,10,35,35,6,105.19881629943848,14,39,39,6
145,70.98365116119385,37,26,70,5,81.68865203857422,10,32,32,5,88.8317642211914,12,33,33,5
146,110.24803161621094,48,35,89,7,93.23140621185303,14,40,40,7,107.41168212890625,16,43,43,7
147,39.546332359313965,10,9,23,2,43.48273277282715,5,13,13,2,40.4443359375,6,14,14,2
148,77.26275873184204,44,32,84,7,87.08743858337402,11,37,37,7,103.05175065994263,15,41,41,7
149,92.38155698776245,42,30,78,6,82.307044506073,11,34,34,6,107.18077182769775,15,37,37,6
150,67.70867109298706,25,18,48,4,55.8026008605957,8,22,22,4,55.8026008605957,8,22,22,4
151,62.53045320510864,30,21,55,4,59.392273902893066,7,20,20,4,66.92041015625,8,22,22,4
152,103.26719284057617,50,34,88,8,101.73183917999268,15,42,42,8,116.56586074829102,17,44,44,8
153,83.91020107269287,39,28,76,5,85.94236373901367,10,33,33,6,80.81460571289062,12,33,33,5
154,112.65565085411072,49,34,90,6,77.12393188476562,12,36,36,6,91.89350891113281,16,38,38,6
155,71.63790464401245,35,24,64,5,76.3187026977539,10,25,25,5,80.02531051635742,10,26,26,5
156,82.17561101913452,52,37,101,6,109.23493003845215,14,41,41,6,121.08771800994873,15,44,44,6
157,136.37060070037842,68,47,127,8,96.81006240844727,11,47,47,8,152.87132263183594,18,49,49,8
158,225.59313917160034,121,84,218,15,227.25743865966797,33,89,89,14,266.94665145874023,38,97,97,15
159,106.09699487686157,51,35,93,6,91.98728084564209,15,37,37,6,94.2298436164856,15,38,38,6
160,104.62645292282104,50,35,95,6,103.13202381134033,15,42,42,6,111.01732349395752,17,44,44,6
161,67.98079252243042,31,23,59,5,64.21122550964355,9,27,27,5,72.80160427093506,10,30,30,5
162,35.59264898300171,15,12,32,2,33.865628242492676,5,15,15,2,46.489723205566406,6,16,16,2
163,58.3875846862793,30,22,60,4,62.35276794433594,9,29,29,4,78.894522190094,11,32,32,4
164,97.04034519195557,38,28,74,6,91.31483459472656,12,36,36,6,96.19255638122559,13,35,35,6
165,126.73467636108398,60,45,119,9,117.90458393096924,19,53,53,9,156.7545976638794,23,61,61,9
166,136.93196535110474,85,57,155,9,143.69473457336426,18,54,54,9,151.4777798652649,23,61,61,9
167,93.7993426322937,46,32,86,5,75.87831115722656,8,30,30,5,95.5986499786377,12,33,33,5
168,118.07865142822266,54,39,107,6,109.14140319824219,13,46,46,6,126.14949035644531,16,46,46,6
169,87.93959879875183,46,32,84,6,96.13296890258789,12,37,37,6,101.89789056777954,13,38,38,6
170,101.13176250457764,38,27,69,6,84.86219787597656,12,32,32,6,86.5110912322998,12,33,33,6
171,73.37095499038696,35,26,68,5,81.89277791976929,11,33,33,5,80.3584156036377,12,34,34,5
172,98.5456166267395,42,32,82,6,122.08322525024414,15,41,41,5,131.57443237304688,16,43,43,6
173,91.49743962287903,41,29,77,5,104.45022583007812,15,38,38,5,110.77669525146484,16,41,41,5
174,57.2380256652832,22,17,45,4,57.227081298828125,8,26,26,4,68.60170125961304,9,28,28,4
175,163.75253784656525,93,64,170,12,194.39315843582153,27,74,78,12,187.46610689163208,27,80,80,12
176,144.33457040786743,62,44,116,8,126.63734292984009,17,50,50,8,136.7927269935608,21,55,55,8
177,97.51468276977539,48,34,92,6,95.78382682800293,11,37,37,6,120.8600378036499,15,43,43,6
178,77.71797466278076,37,28,70,7,81.00564765930176,12,36,36,7,85.8940658569336,12,37,37,7
179,82.61896312236786,45,31,79,7,103.11802911758423,13,37,37,7,106.39019966125488,15,40,40,7
180,107.68375039100647,45,31,79,7,103.48776626586914,12,38,38,7,133.09408617019653,17,44,44,7
181,70.95840978622437,34,26,70,5,81.5701961517334,12,29,29,5,73.27841281890869,14,31,31,5
182,85.00897121429443,47,32,84,6,71.19340419769287,10,30,30,6,90.1350622177124,11,32,32,6
183,101.54435348510742,37,27,71,5,68.17713928222656,8,29,29,5,77.52062368392944,11,29,29,5
184,92.38887333869934,33,24,64,5,73.38104438781738,12,32,32,5,85.22405338287354,14,35,35,5
185,74.85124588012695,35,24,66,4,74.57499027252197,10,26,28,4,70.19810676574707,10,27,27,4
186,88.80204033851624,39,27,71,5,67.10905456542969,8,28,28,5,87.1878433227539,12,31,31,5
187,57.81208419799805,21,16,42,3,44.86992835998535,5,18,18,3,53.25211000442505,7,20,20,3
188,123.75349617004395,57,39,105,7,89.42756652832031,12,40,40,7,105.09002208709717,14,41,41,7
189,93.56819987297058,43,31,83,5,97.7826452255249,14,38,38,6,111.30840873718262,14,40,40,5
190,121.01929771900177,63,44,118,8,116.01773357391357,17,50,50,8,123.18721771240234,20,53,53,8
191,93.38006448745728,46,34,88,7,91.20167541503906,12,40,40,7,110.40798091888428,14,43,43,7
192,75.71851539611816,28,20,52,4,69.58526515960693,9,24,24,4,75.30079936981201,9,24,24,4
193,81.88407373428345,38,27,69,6,75.22451829910278,13,31,31,6,85.3117847442627,15,34,34,6
194,90.5981342792511,43,30,80,5,65.24308633804321,9,37,37,5,96.41830158233643,14,39,39,5
195,101.68383884429932,37,28,74,5,88.10885334014893,13,34,34,5,88.10885334014893,13,34,34,5
196,52.62646436691284,18,14,36,3,50.008100509643555,6,16,16,3,53.66828107833862,7,18,18,3
197,83.19598603248596,29,21,55,5,57.06187438964844,8,25,25,5,77.15967464447021,11,27,27,5
198,63.96105480194092,36,25,67,4,78.04124450683594,8,26,26,4,81.80553817749023,9,28,28,4
199,97.08632493019104,58,39,105,7,108.11756801605225,14,42,42,7,122.14406728744507,19,47,47,7
200,127.76214480400085,63,43,117,7,114.51180648803711,17,49,49,7,123.20460891723633,21,55,55,7
201,84.03977751731873,50,36,96,6,113.51755142211914,14,45,45,6,117.98727989196777,14,46,46,6
202,76.88193583488464,37,26,66,6,81.11315727233887,10,31,31,6,90.60167837142944,13,33,33,6
203,94.42797231674194,42,31,81,6,96.84370517730713,14,37,37,6,107.81327819824219,16,40,40,6
204,99.13549423217773,40,29,75,5,82.197509765625,12,32,32,5,82.82826805114746,12,33,33,5
205,104.98668837547302,51,35,93,6,97.55936670303345,13,39,39,6,115.64141845703125,16,43,43,6
206,86.27940797805786,43,32,86,6,84.67482948303223,12,39,39,6,95.43357944488525,14,39,39,6
207,95.99348306655884,55,39,107,6,96.50640773773193,14,41,41,6,110.32141876220703,16,44,44,6
208,106.47522854804993,54,39,107,6,105.82118225097656,13,45,45,6,118.84884595870972,15,46,46,6
209,103.48006010055542,51,36,94,7,109.68162775039673,15,40,40,7,120.10179901123047,16,44,44,7
210,72.32949829101562,33,23,61,5,65.45101165771484,8,28,28,5,69.5903091430664,8,30,30,5
211,79.57386589050293,33,23,61,5,77.86976623535156,7,27,27,5,92.62589836120605,12,33,33,5
212,77.76259052753448,39,28,74,5,85.62471008300781,14,37,37,5,101.64506435394287,15,39,39,5
213,202.11163520812988,82,59,155,11,178.44015502929688,26,77,77,11,197.4136505126953,32,81,81,11
214,81.29672956466675,31,23,59,5,71.23548936843872,11,28,28,5,83.03590965270996,12,31,31,5
215,104.39051806926727,55,40,104,8,97.85067558288574,15,44,44,8,107.32873678207397,17,46,46,8
216,54.89229965209961,26,19,51,3,43.50733280181885,6,18,18,3,56.85283660888672,8,21,21,3
217,73.98085069656372,34,23,63,4,59.28862953186035,6,24,24,4,70.44779205322266,8,26,26,4
218,121.95213389396667,66,46,124,8,125.77250003814697,15,50,50,8,141.11981391906738,18,52,52,8
219,76.94712746143341,39,27,73,5,88.0950117111206,11,32,32,5,92.97171306610107,11,34,34,5
220,114.93300199508667,50,36,94,6,92.71005249023438,16,41,41,7,115.08534049987793,18,43,43,6
221,95.33314418792725,37,27,71,5,77.47106075286865,10,33,33,5,87.66244697570801,12,35,35,5
222,107.61054754257202,45,33,87,7,117.2128963470459,19,47,47,7,117.98381280899048,19,50,50,7
223,82.73067343235016,43,30,80,6,76.65280151367188,8,35,35,6,86.14609670639038,11,36,36,6
224,67.00158548355103,36,26,66,6,92.77595329284668,12,35,35,6,105.11760234832764,15,38,38,6
225,92.32786417007446,42,32,86,6,89.9695873260498,12,40,40,6,88.65064191818237,13,41,41,6
226,89.48738193511963,42,32,84,6,90.17488098144531,14,39,39,6,100.56841278076172,16,41,41,6
227,103.85942459106445,45,32,84,7,96.94725227355957,14,39,39,7,117.4309253692627,17,42,42,7
228,49.657790780067444,31,22,62,3,58.93812942504883,8,22,22,3,54.391982555389404,7,21,21,3
229,71.30966806411743,41,27,71,5,84.57097101211548,13,33,33,5,97.95855712890625,14,35,35,5
230,99.87626481056213,53,38,100,7,112.83805656433105,14,43,43,7,127.47110748291016,16,45,45,7
231,89.33120512962341,41,28,76,5,82.32540130615234,10,31,31,5,92.98725700378418,12,35,35,5
232,106.14602887630463,61,42,114,6,90.88661193847656,10,39,39,6,115.38264083862305,14,41,41,6
233,111.47139430046082,45,33,85,7,109.94536018371582,14,41,41,7,114.7501802444458,15,41,41,7
234,128.54871034622192,55,39,105,7,115.98453044891357,17,46,46,7,137.4683961868286,18,49,49,7
235,84.02350425720215,40,28,72,6,84.98185777664185,13,34,34,6,102.0569019317627,14,38,38,6
236,90.4947452545166,48,32,84,6,84.15521049499512,12,32,32,6,98.05361938476562,14,38,38,6
237,77.83230543136597,30,24,62,5,67.97772979736328,8,29,29,5,74.13394975662231,11,30,30,5
238,118.20484924316406,44,33,89,6,107.2469482421875,16,43,45,6,114.4684066772461,16,46,46,6
239,74.27621912956238,27,21,57,4,76.46276950836182,10,28,28,4,82.73594522476196,11,29,29,4
240,96.02694082260132,42,29,77,5,77.22322940826416,10,31,31,5,90.80776405334473,12,35,35,5
241,70.55976891517639,39,27,73,4,66.29124450683594,8,26,26,4,81.47625064849854,11,30,30,4
242,84.38673305511475,44,31,81,6,73.87390279769897,11,32,32,6,90.80278587341309,14,37,37,6
243,138.30870628356934,56,40,108,7,133.05097103118896,15,48,48,7,145.1711082458496,18,52,52,7
244,122.60815668106079,68,49,129,10,134.4767303466797,24,60,60,10,149.4571328163147,25,66,66,10
245,144.78192329406738,75,50,134,9,140.51366901397705,18,55,55,9,157.3557243347168,24,61,61,9
246,94.56528067588806,45,31,85,5,94.49658966064453,11,35,35,5,94.7149887084961,12,38,38,5
247,131.1620807647705,56,39,105,6,106.35401344299316,13,43,43,6,118.1651611328125,14,45,45,6
248,124.0546932220459,62,46,124,8,135.6314992904663,18,54,54,8,136.44085884094238,20,55,55,8
249,87.22936820983887,39,27,69,7,86.41276359558105,12,32,32,7,91.73118591308594,16,37,37,7
250,132.4783158302307,54,38,100,7,89.12726879119873,11,41,41,7,101.81234741210938,16,43,43,7
251,86.18046236038208,38,27,69,6,79.35709953308105,10,35,35,6,92.89153337478638,13,35,35,6
252,114.3997094631195,61,40,106,8,115.52880859375,16,45,45,8,129.5136284828186,17,47,47,8
253,127.76359272003174,82,56,152,9,146.4301586151123,18,57,57,9,157.51824474334717,22,61,61,9
254,114.0522575378418,40,31,83,5,115.13228607177734,16,42,42,5,117.87033987045288,17,43,43,5
255,103.8245439529419,50,35,93,6,90.61716270446777,12,39,39,6,118.57622623443604,15,43,43,6
256,75.88938069343567,31,22,58,5,76.67071533203125,8,26,26,5,77.39754867553711,9,28,28,5
257,101.81659519672394,63,43,117,7,112.03285789489746,14,44,44,7,121.15633392333984,18,51,51,7
258,116.1729907989502,74,51,141,7,158.56955242156982,22,62,66,7,166.7458324432373,23,67,67,7
259,90.4808177947998,48,33,87,7,99.52934074401855,13,38,38,7,108.75966310501099,15,41,41,7
260,113.24157547950745,49,34,90,6,93.30047607421875,12,39,39,6,101.88499546051025,14,40,40,6
261,77.59318614006042,42,29,79,5,87.89198112487793,12,34,34,5,108.89508247375488,15,38,38,5
262,70.20360469818115,44,32,86,5,103.76925754547119,14,38,38,5,113.26068115234375,16,41,41,5
263,122.84936285018921,57,40,104,7,111.03269958496094,16,42,42,6,119.3176589012146,17,45,45,7
264,64.30271089076996,37,26,72,4,75.82514142990112,11,29,29,4,85.64278888702393,13,31,31,4
265,91.62819600105286,47,34,88,6,90.87337493896484,14,36,36,6,105.0306749343872,14,41,41,6
266,150.23719143867493,73,50,132,9,122.3616886138916,18,55,55,9,165.08197402954102,24,63,63,9
267,174.71146273612976,81,55,143,12,148.6790428161621,18,62,62,12,179.29994010925293,26,70,70,12
268,146.14330673217773,66,46,124,8,129.3629913330078,16,48,48,8,124.24285888671875,16,51,51,8
269,114.99082660675049,66,45,121,8,129.80178833007812,16,49,49,8,137.24377727508545,18,50,50,8
270,180.68396186828613,84,59,157,10,165.70041179656982,23,67,67,10,186.9758186340332,26,73,73,10
271,73.92391848564148,33,23,63,4,73.29401969909668,10,28,28,4,87.09383583068848,13,32,32,4
272,124.58564758300781,64,46,124,8,115.80410194396973,17,55,55,8,148.0278205871582,20,61,61,8
273,97.09707260131836,41,29,79,5,97.64960861206055,12,30,32,5,94.81873512268066,12,33,33,5
274,142.43826270103455,75,53,143,9,165.4962911605835,22,65,65,9,170.8516731262207,24,64,64,9
275,90.86727905273438,48,33,87,6,94.32705402374268,11,37,37,6,99.67163372039795,14,38,38,6
276,92.48850345611572,46,32,86,5,84.15101623535156,12,36,36,5,109.80706310272217,17,42,42,5
277,101.22880411148071,53,37,99,7,107.18846130371094,14,40,40,7,127.75733947753906,16,46,46,7
278,124.9315595626831,60,43,117,7,117.92925596237183,15,51,51,7,130.14082384109497,17,52,52,7
279,119.9573073387146,58,42,110,8,111.27443313598633,20,54,54,8,148.95189476013184,26,63,63,8
280,125.49513530731201,71,49,133,8,144.9594841003418,18,51,51,8,152.38376140594482,21,55,55,8
281,97.92222619056702,45,33,91,5,110.16844272613525,14,39,39,5,110.16844272613525,14,39,39,5
282,76.71626830101013,33,24,62,5,70.5804443359375,10,27,27,5,78.33892869949341,11,29,29,5
283,78.76571130752563,42,29,77,6,79.57230567932129,10,38,38,6,102.07279014587402,14,40,40,6
284,116.64912140369415,61,43,115,7,117.1460075378418,17,52,52,7,138.77318000793457,22,54,54,7
285,113.47013700008392,59,41,109,7,96.22786045074463,17,47,47,7,103.35499715805054,17,48,48,7
286,76.25447177886963,47,33,89,6,85.46469974517822,14,37,37,6,95.51535034179688,16,39,39,6
287,51.576781034469604,38,26,70,5,72.35555744171143,13,30,34,5,77.87287902832031,12,34,34,5
288,88.05352282524109,31,23,61,4,85.9671196937561,11,29,29,4,88.18575382232666,11,30,30,4
289,108.52136325836182,58,42,112,7,126.78704071044922,16,49,49,7,145.63137531280518,19,53,53,7
290,46.782150864601135,25,18,46,4,61.29508972167969,8,23,23,4,67.96990156173706,9,25,25,4
291,111.20287108421326,47,34,90,6,108.10011768341064,14,42,42,6,116.78024291992188,16,44,44,6
292,69.45005583763123,29,23,61,4,59.96614694595337,9,25,25,4,80.58989524841309,12,29,29,4
293,124.45434093475342,60,43,111,9,123.16655158996582,15,54,54,9,150.76356410980225,21,59,59,9
294,192.41387605667114,95,67,181,10,166.99611282348633,24,77,77,10,198.76275634765625,32,83,83,10
295,81.54563426971436,33,24,62,5,69.71285820007324,10,29,29,5,80.94097185134888,11,32,32,5
296,95.17921447753906,40,28,78,4,73.70246028900146,9,30,30,4,84.8173770904541,12,33,33,4
297,97.70643973350525,43,30,80,5,86.17532730102539,10,30,30,5,98.11592102050781,12,32,32,5
298,77.74003601074219,32,25,65,5,75.65705347061157,11,31,31,5,85.1531572341919,14,34,34,5
299,81.98371839523315,26,21,55,4,59.60350704193115,7,25,25,3,76.30754852294922,11,28,28,4
300,215.71299803256989,109,81,205,14,208.6569037437439,31,86,90,14,233.13651037216187,37,92,92,14
301,82.68539524078369,38,29,73,7,79.41341400146484,15,39,39,7,86.3120665550232,17,41,41,7
302,213.85419034957886,101,72,192,13,194.40738487243652,27,85,85,13,220.06890106201172,33,93,93,13
303,54.016008615493774,34,25,65,5,80.70993423461914,10,30,30,5,83.76826286315918,12,32,32,5
304,107.26690530776978,55,37,99,7,85.58805274963379,13,41,41,7,100.4329833984375,16,45,45,7
305,60.15949845314026,43,29,79,5,70.68136692047119,10,29,29,5,87.50447273254395,12,32,32,5
306,93.8333330154419,44,32,86,6,78.75517272949219,11,35,35,6,84.7020092010498,12,38,38,6
307,133.63530492782593,63,46,122,9,156.00959873199463,21,60,62,8,158.1392765045166,25,66,66,9
308,153.11453580856323,70,51,135,10,157.95978927612305,24,67,67,10,175.3183479309082,26,69,69,10
309,97.56798148155212,45,32,84,6,94.72760963439941,11,36,36,6,107.24088191986084,15,40,40,6
310,122.63587832450867,53,37,99,6,86.10705661773682,11,36,36,6,105.61940670013428,14,39,39,6
311,123.04127264022827,68,46,126,7,107.31371641159058,15,45,45,7,136.54496908187866,19,53,53,7
312,106.6106379032135,39,29,77,5,99.35189151763916,13,37,37,4,105.04531145095825,15,40,40,5
313,109.66205835342407,60,42,112,8,126.67002725601196,17,46,46,8,134.51998472213745,21,53,53,8
314,126.21963691711426,68,45,119,9,125.7954568862915,18,49,49,9,155.76077127456665,21,57,57,9
315,63.97055983543396,37,27,71,5,65.47986602783203,8,28,28,5,83.56542778015137,11,29,29,5
316,106.90477156639099,49,35,93,7,115.11396980285645,14,40,40,7,122.7339859008789,16,43,43,7
317,104.68746614456177,49,34,88,7,83.22905731201172,12,39,39,7,115.24909973144531,15,41,41,7
318,110.30796599388123,53,34,86,8,83.8617172241211,16,39,39,8,102.39952373504639,17,41,41,8
319,85.04096269607544,55,37,99,6,95.22665405273438,12,39,39,6,114.0081787109375,16,41,41,6
320,58.55623245239258,32,23,61,5,59.08387565612793,7,25,25,5,79.4470682144165,11,28,28,5
321,72.60903596878052,30,22,56,6,68.47091817855835,11,29,29,6,80.62834167480469,12,31,31,6
322,82.34989881515503,49,35,95,6,82.62260675430298,11,35,35,6,94.6632981300354,13,38,38,6
323,72.82150268554688,45,30,80,5,92.07078552246094,12,35,35,5,107.12947368621826,15,38,38,5
324,87.19449949264526,39,28,72,6,81.92658805847168,12,33,33,6,99.06884002685547,16,37,37,6
325,99.62898313999176,55,36,96,7,93.22051048278809,15,43,43,7,128.1975736618042,17,48,48,7
326,176.56235432624817,81,56,148,9,150.74049282073975,21,65,65,9,175.5802960395813,23,69,69,9
327,90.16604423522949,50,36,94,7,105.79833316802979,13,43,43,7,119.97419881820679,17,47,47,7
328,138.08325719833374,61,45,121,8,134.12530946731567,21,56,56,8,153.27595138549805,24,65,65,8
329,72.93612360954285,35,26,68,5,75.49140977859497,11,30,30,5,83.1591796875,12,32,32,5
330,118.17011833190918,50,35,95,5,102.28524494171143,14,39,39,5,110.78952217102051,17,44,44,5
331,67.67433285713196,25,19,51,4,52.20052719116211,7,25,25,4,66.84587144851685,9,27,27,4
332,159.9977457523346,82,56,152,9,150.9545931816101,21,61,63,9,165.14474487304688,24,64,64,9
333,113.412189245224,66,43,117,7,93.81561470031738,12,42,42,7,139.7556185722351,19,50,50,7
334,156.95205688476562,105,70,188,12,179.96003437042236,26,71,71,12,208.07235717773438,32,82,82,12
335,146.8063223361969,63,47,123,10,138.03260564804077,23,61,61,10,164.62167930603027,26,67,67,10
336,85.50757622718811,49,33,87,6,92.81559467315674,11,33,33,6,108.50405931472778,15,38,38,6
337,144.16852140426636,69,50,134,9,134.8339262008667,18,57,57,9,162.69748210906982,25,64,64,9
338,111.05848217010498,52,36,96,7,96.80011367797852,12,45,45,7,120.38328552246094,16,49,49,7
339,145.6112198829651,92,66,178,11,187.87830018997192,27,78,78,11,208.55801343917847,29,82,82,11
340,185.95879912376404,102,74,196,14,208.44374084472656,36,87,93,14,229.93389129638672,40,103,103,14
341,117.47663736343384,49,35,93,7,88.67736625671387,11,36,36,7,113.47057342529297,16,42,42,7
342,136.92297530174255,79,54,142,11,168.79957580566406,24,65,65,11,180.4547781944275,27,71,71,11
343,124.20056653022766,53,37,101,6,105.60657119750977,12,38,38,6,119.60413360595703,16,43,43,6
344,91.03029108047485,53,39,103,8,122.42489910125732,17,51,51,8,134.94503498077393,19,55,55,8
345,90.8981282711029,43,32,84,6,87.76344108581543,11,39,39,6,105.12302684783936,13,42,42,6
346,90.63306188583374,38,29,77,5,86.85650825500488,12,36,36,5,95.66348457336426,14,38,38,5
347,84.80764150619507,41,30,78,6,87.31291055679321,13,38,38,6,111.12379169464111,14,41,41,6
348,98.81019830703735,45,31,81,7,80.87719917297363,10,33,35,7,93.878990650177,13,36,36,7
349,80.3207585811615,31,23,61,5,61.99951648712158,7,28,28,5,78.83758020401001,11,31,31,5
350,47.49053764343262,23,17,45,4,46.817803382873535,5,22,22,4,62.76269817352295,7,24,24,4
351,84.37860417366028,39,29,77,5,99.19698715209961,12,38,38,5,105.52101993560791,14,38,38,5
352,63.99233436584473,24,18,48,3,48.07366704940796,7,21,21,3,56.09868049621582,9,23,23,3
353,97.96398282051086,45,33,85,8,88.49216651916504,12,41,41,8,110.72373390197754,18,46,46,8
354,109.00274014472961,49,34,88,8,103.06187915802002,11,39,39,8,118.61588287353516,16,44,44,8
355,136.33047115802765,81,56,150,10,152.28097915649414,20,62,62,10,163.92727661132812,24,70,70,10
356,80.50684261322021,42,30,80,5,86.90539360046387,14,36,36,5,100.01304388046265,15,38,38,5
357,96.38828480243683,51,34,90,6,89.76147747039795,11,36,36,6,96.9813985824585,14,38,38,6
358,107.90946686267853,57,40,104,8,106.88424873352051,14,47,47,8,119.9611930847168,18,47,47,8
359,86.19157218933105,42,30,80,5,89.30052661895752,13,36,36,5,113.56857347488403,17,40,40,5
360,107.86342072486877,58,43,117,7,102.40103912353516,16,50,50,7,125.02855110168457,19,50,50,7
361,65.66546487808228,38,27,71,5,81.37323188781738,12,32,32,5,81.20367288589478,11,31,31,5
362,63.407225131988525,33,23,63,4,65.00601959228516,8,27,27,4,70.78089952468872,9,29,29,4
363,84.74757635593414,49,33,89,6,78.77606868743896,10,33,33,6,108.40462446212769,15,36,36,6
364,79.31236267089844,30,22,58,4,80.35757350921631,11,24,24,4,85.68257761001587,11,25,25,4
365,84.14210939407349,41,29,77,6,79.80741024017334,10,32,32,6,80.37176513671875,12,34,34,6
366,87.25966310501099,43,30,80,5,79.45217180252075,11,31,33,5,82.75903701782227,10,33,33,5
367,94.48835372924805,40,28,76,4,69.02535915374756,10,31,31,4,89.39835548400879,12,34,34,4
368,76.85445928573608,42,29,77,5,90.07794380187988,10,31,31,5,85.85155725479126,11,33,33,5
369,73.32324075698853,34,26,68,5,80.18885707855225,9,30,30,5,85.52536010742188,10,30,30,5
370,150.6214735507965,71,50,132,10,147.11739015579224,19,59,59,10,153.88741731643677,23,64,64,10
371,172.2676649093628,74,52,134,10,166.54732990264893,21,62,62,10,160.9895305633545,26,67,67,10
372,112.49429225921631,54,38,102,5,95.51845455169678,14,40,40,6,106.71258687973022,15,42,42,5
373,86.69233703613281,32,22,56,5,67.02060127258301,9,25,25,5,77.24190711975098,10,29,29,5
374,103.47412109375,44,31,81,6,88.68425559997559,12,35,35,6,101.28716468811035,14,35,35,6
375,91.68798327445984,43,33,91,5,88.58869647979736,14,42,42,5,94.08771514892578,15,43,43,5
376,110.70323824882507,55,38,104,6,108.80018043518066,14,42,42,6,122.16918754577637,18,50,50,6
377,73.42282295227051,40,28,74,5,76.17883014678955,9,29,29,5,89.88432884216309,12,32,32,5
378,63.30712008476257,29,23,61,5,63.15200614929199,9,30,30,5,72.42445230484009,11,32,32,5
379,87.4586272239685,35,26,72,3,63.555848121643066,9,27,27,3,79.05191230773926,12,28,28,3
380,90.44688606262207,52,37,99,7,111.8993730545044,13,42,42,7,110.15669345855713,14,45,45,7
381,183.22640657424927,95,67,175,12,197.99579048156738,31,80,84,12,214.93412494659424,35,88,88,12
382,157.49159717559814,81,56,146,12,169.62827920913696,23,64,64,12,177.4647159576416,27,70,70,12
383,108.51210117340088,46,32,86,5,62.41679763793945,9,35,35,5,92.75019836425781,12,35,35,5
384,127.9748078584671,69,47,125,9,123.89260530471802,17,52,54,9,163.96127700805664,20,56,56,9
385,137.56327486038208,89,61,165,9,158.06826782226562,22,66,66,9,196.75435066223145,30,74,74,9
386,53.741947174072266,22,16,42,3,46.416502952575684,7,21,21,3,53.85517120361328,8,22,22,3
387,111.46052837371826,56,41,109,8,105.33097076416016,16,43,43,8,114.93694829940796,19,47,47,8
388,86.79976522922516,45,31,83,6,72.63506841659546,11,32,32,6,101.06493425369263,13,37,37,6
389,143.90542256832123,73,51,139,8,148.6702537536621,20,55,55,8,154.77444887161255,23,61,61,8
390,74.84693193435669,52,35,95,6,103.33580017089844,16,41,41,6,130.4740333557129,20,47,47,6
391,80.73787689208984,50,34,92,5,79.55516052246094,9,31,31,5,104.21244049072266,12,34,34,5
392,91.01518404483795,47,34,94,5,96.02731275558472,13,38,38,5,110.39152526855469,14,41,41,5
393,99.58934247493744,55,39,105,6,128.12338256835938,16,48,48,6,128.8555727005005,17,49,49,6
394,85.40621280670166,36,26,70,5,79.09431838989258,9,31,31,5,103.4500412940979,13,35,35,5
395,89.370964884758,49,35,93,6,101.39551448822021,13,40,40,6,117.29974508285522,15,43,43,6
396,81.84755945205688,34,24,62,5,69.55606126785278,9,28,28,5,74.38969564437866,11,30,30,5
397,112.05726861953735,50,36,94,7,93.66472053527832,14,42,42,7,101.80147552490234,16,44,44,7
398,108.8556456565857,49,35,93,7,105.3790340423584,14,42,42,7,123.01511764526367,18,45,45,7
399,105.33603429794312,50,35,89,7,103.64645385742188,16,37,37,7,108.69597434997559,17,42,42,7
400,95.39215087890625,40,30,78,6,85.20088911056519,13,37,37,6,101.32321166992188,16,40,40,6
401,88.16435265541077,51,34,92,6,77.91279792785645,10,35,35,6,101.87505531311035,14,38,38,6
402,108.54469299316406,48,33,87,7,95.71138858795166,15,41,41,7,111.90201759338379,18,44,44,7
403,87.6142578125,32,23,59,5,76.38421058654785,10,27,27,5,76.38421058654785,10,27,27,5
404,84.1220760345459,40,29,77,5,99.97799730300903,13,35,35,5,118.5187759399414,16,39,39,5
405,97.60809850692749,41,30,78,7,88.21076774597168,12,35,35,7,111.65463161468506,14,36,36,7
406,86.16320371627808,39,29,75,6,85.59089136123657,11,32,32,6,96.58761787414551,14,35,35,6
407,147.8492751121521,62,45,119,9,136.7723274230957,20,54,54,9,179.00993824005127,25,65,65,9
408,79.36336255073547,47,30,78,6,68.943603515625,9,31,31,6,97.23076343536377,14,34,34,6
409,89.51938033103943,35,26,66,6,102.13345527648926,10,36,36,6,111.07843017578125,13,38,38,6
410,124.67674016952515,65,46,126,7,128.784818649292,20,58,58,7,141.2357897758484,23,62,62,7
411,98.2843246459961,46,33,87,7,98.13898801803589,15,38,38,7,108.03740787506104,17,43,43,7
412,158.03961515426636,70,50,132,10,138.20992612838745,19,59,59,10,177.08505392074585,25,68,68,10
413,91.64846181869507,43,32,82,6,90.34355068206787,13,37,37,6,94.52893114089966,13,38,38,6
414,91.90996742248535,42,29,77,5,82.17776870727539,9,32,32,5,94.21141815185547,13,34,34,5
415,53.73116457462311,31,22,60,4,60.99010467529297,10,25,25,4,68.8091344833374,11,28,28,4
416,103.37544822692871,44,31,81,6,83.16777801513672,14,35,35,6,90.95148992538452,17,38,38,6
417,96.27567291259766,40,29,77,5,101.50591278076172,12,37,37,5,125.32128810882568,17,42,42,5
418,102.38978004455566,51,34,90,6,81.61918640136719,10,34,34,6,112.16527938842773,17,41,41,6
419,91.83722877502441,42,31,81,6,80.49005699157715,12,35,35,6,95.31081295013428,14,36,36,6
420,63.014204263687134,33,23,63,4,63.090599060058594,8,26,26,4,77.13031196594238,12,30,30,4
421,151.40110445022583,78,56,152,9,159.55938720703125,24,70,70,9,164.85480880737305,24,72,72,9
422,115.7039966583252,56,38,100,7,103.90932083129883,12,40,40,7,125.42726135253906,16,44,44,7
423,122.95317947864532,65,44,116,9,125.16549682617188,16,49,49,9,115.59744071960449,18,52,52,9
424,75.13870096206665,33,24,64,5,65.47030353546143,7,26,26,5,73.89613342285156,8,27,27,5
425,90.62052726745605,44,32,84,6,80.89388036727905,13,35,35,6,94.46974039077759,15,37,37,6
426,114.87951374053955,46,32,84,6,69.55497121810913,9,34,34,6,88.119140625,12,36,36,6
427,135.55463790893555,63,47,119,9,137.74261617660522,19,58,58,9,158.70819091796875,25,65,65,9
428,109.86688590049744,47,35,91,7,92.53538274765015,13,42,42,7,108.94684600830078,17,45,45,7
429,119.95361709594727,48,34,92,5,77.68413734436035,9,35,35,6,113.94861602783203,14,36,36,5
430,111.07098841667175,49,36,96,7,103.90280771255493,13,39,39,7,109.12128448486328,16,45,45,7
431,90.58793449401855,48,33,89,6,97.96532821655273,12,37,37,6,110.613205909729,14,41,41,6
432,97.38584125041962,63,42,112,8,107.51741981506348,13,41,41,8,119.67729949951172,16,46,46,8
433,86.69738733768463,49,36,96,6,107.90223598480225,15,42,42,6,114.11889743804932,17,45,45,6
434,112.72307872772217,38,27,67,6,81.84571266174316,11,28,28,6,77.85055780410767,11,29,29,6
435,148.21726727485657,67,47,123,8,142.88153076171875,19,53,53,8,148.5791015625,20,55,55,8
436,71.05590415000916,31,23,59,5,67.09864044189453,8,29,29,5,81.85266494750977,10,29,29,5
437,85.8905086517334,43,31,83,6,104.79021835327148,12,37,37,6,112.0556755065918,14,39,39,6
438,60.00260829925537,28,20,54,3,65.74081420898438,9,21,21,3,75.57980918884277,12,24,24,3
439,148.30552518367767,85,57,153,10,132.98503017425537,18,58,58,10,165.73919200897217,23,63,63,10
440,179.8103370666504,96,68,186,10,199.3997654914856,31,85,85,10,207.5970482826233,33,89,89,10
441,67.20284700393677,30,20,52,5,52.49937629699707,6,22,22,5,69.84856367111206,9,25,25,5
442,123.50919127464294,57,41,109,7,120.57875061035156,16,48,48,7,150.22472047805786,19,54,54,7
443,93.03788089752197,47,34,88,7,87.24011421203613,12,40,40,7,102.62261867523193,15,43,43,7
444,92.82609558105469,54,39,105,7,109.28286838531494,18,46,46,7,119.6434063911438,19,49,49,7
445,127.7766432762146,46,35,91,7,108.24937438964844,16,44,44,7,126.47661399841309,19,49,49,7
446,91.28420352935791,55,37,97,7,97.28099155426025,14,38,38,7,118.1317253112793,17,40,40,7
447,82.26626873016357,36,26,70,5,64.04403686523438,8,29,29,5,81.02978372573853,11,32,32,5
448,89.13533687591553,50,34,88,7,97.78530216217041,14,34,34,7,123.67951679229736,17,41,41,7
449,112.1573133468628,59,41,109,6,119.32501316070557,15,46,46,6,128.59718656539917,17,49,49,6
450,56.694016456604004,20,15,39,4,57.228726387023926,7,21,21,4,66.42040252685547,10,25,25,4
451,129.51548719406128,61,44,118,8,108.15766143798828,16,45,45,7,155.52433490753174,26,64,64,8
452,84.45540523529053,52,36,96,7,77.74683952331543,10,38,38,7,106.3235216140747,14,42,42,7
453,128.7422423362732,62,44,116,9,144.6536350250244,18,57,57,9,170.25818347930908,23,58,58,9
454,90.32856273651123,42,29,77,5,81.10682487487793,9,28,28,5,94.26779079437256,13,33,33,5
455,94.25962686538696,52,36,92,7,99.3879222869873,14,38,38,7,106.79740905761719,16,41,41,7
456,96.77015542984009,43,30,82,5,91.71620750427246,12,32,34,5,102.02166080474854,14,36,36,5
457,96.44284534454346,44,31,83,6,81.56133651733398,10,34,34,6,100.9578447341919,14,38,38,6
458,89.17073011398315,50,36,96,7,97.31737899780273,11,40,40,7,117.44815063476562,16,43,43,7
459,93.97997975349426,39,29,73,7,81.52269172668457,11,32,32,6,97.28378534317017,15,38,38,7
460,92.02482223510742,40,29,75,7,82.15035438537598,12,37,37,7,112.73153877258301,14,41,41,7
461,77.19305443763733,41,30,80,6,77.51003837585449,12,34,34,6,91.53210639953613,15,39,39,6
462,79.00104832649231,39,29,75,6,73.15591621398926,12,33,33,6,88.48042964935303,14,36,36,6
463,120.53543853759766,64,47,127,8,135.6242380142212,19,54,54,8,171.45528602600098,21,62,62,8
464,84.33505010604858,38,26,68,6,74.176589012146,9,27,27,6,94.35355567932129,12,32,32,6
465,119.83614754676819,47,33,87,7,90.72265577316284,13,38,38,7,109.49421691894531,16,42,42,7
466,91.51846408843994,34,25,65,5,79.63518047332764,9,30,30,5,92.73192310333252,11,34,34,5
467,139.00606107711792,62,44,120,7,131.186279296875,19,51,51,7,131.09587049484253,19,53,53,7
468,95.1066255569458,50,35,93,6,109.27728271484375,13,41,41,6,111.5597562789917,14,45,45,6
469,84.97330021858215,53,37,99,7,98.4653205871582,12,39,39,7,108.63696575164795,14,43,43,7
470,103.77874207496643,49,34,90,7,112.25216865539551,14,40,40,7,139.56725692749023,18,47,47,7
471,67.75006055831909,30,22,60,4,68.10511684417725,7,22,22,4,63.02395248413086,8,24,24,4
472,103.13479030132294,61,42,112,8,128.08645820617676,18,51,51,8,143.17119312286377,22,60,60,8
473,60.100502014160156,24,18,48,3,56.727596282958984,8,23,23,3,61.39937782287598,9,24,24,3
474,75.66541957855225,44,32,88,4,81.76178932189941,11,35,35,4,110.69378852844238,14,38,38,4
475,100.70244312286377,45,33,87,6,100.53178691864014,14,42,42,6,122.35617446899414,17,48,48,6
476,81.45291244983673,47,33,89,5,72.08595085144043,9,33,33,5,94.20387840270996,14,37,37,5
477,105.67810821533203,48,35,93,6,115.23171615600586,14,43,43,6,123.44287967681885,17,47,47,6
478,75.47189497947693,33,23,59,5,60.58270311355591,9,27,27,5,74.71501970291138,13,31,31,5
479,82.28671407699585,38,26,68,5,70.34640312194824,9,32,32,6,84.42297887802124,13,32,32,5
480,97.25142693519592,47,33,89,5,97.66855716705322,14,39,39,5,101.24709606170654,15,40,40,5
481,131.9690752029419,60,42,112,8,118.91774606704712,17,49,49,8,148.52202987670898,22,57,57,8
482,79.61862373352051,36,25,65,5,68.18531036376953,10,28,28,5,90.71558904647827,13,32,32,5
483,77.39958822727203,45,32,86,6,88.73888921737671,13,37,39,6,113.5750150680542,15,42,42,6
484,101.57169580459595,47,32,84,6,95.26722192764282,15,37,37,6,103.93849182128906,17,41,41,6
485,83.2907862663269,43,30,78,6,92.35497093200684,11,33,33,6,91.8086404800415,11,36,36,6
486,95.02210712432861,44,30,76,7,86.02615356445312,10,30,30,7,108.43302726745605,15,38,38,7
487,99.91827869415283,44,32,84,6,91.00903129577637,12,36,36,6,97.9762544631958,14,38,38,6
488,75.92215156555176,44,31,81,6,89.46081161499023,11,33,33,6,97.29431533813477,12,35,35,6
489,127.43269228935242,57,40,108,7,105.15282726287842,14,48,48,7,143.14294624328613,18,54,54,7
490,52.79057860374451,23,17,47,3,57.36525821685791,7,21,21,3,57.24558639526367,8,22,22,3
491,114.20453929901123,52,36,94,7,108.2116756439209,14,39,39,7,119.46845626831055,18,44,44,7
492,91.79088258743286,43,31,83,5,86.01979637145996,12,36,36,5,90.1348066329956,14,38,38,5
493,85.25238132476807,33,23,61,5,62.05309295654297,8,24,24,5,72.71651268005371,10,28,28,5
494,110.63215255737305,41,31,81,6,97.40947914123535,14,38,38,6,117.5399522781372,18,42,42,6
495,90.52102279663086,37,28,72,6,88.37890338897705,11,35,35,6,94.89992237091064,14,38,38,6
496,81.99983501434326,34,25,63,6,66.28615665435791,9,28,28,6,78.30773830413818,10,28,28,6
497,80.86668014526367,40,28,74,5,80.54646492004395,10,31,31,5,89.08299541473389,13,34,34,5
498,73.36575412750244,31,22,58,4,56.111366271972656,6,23,23,4,77.96320915222168,10,27,27,4
499,106.36730813980103,41,29,73,7,83.04486179351807,11,32,32,7,89.28631782531738,12,35,35,7
