dataset,model,u_top,u_H,r_top,r_H,d_top
sinhala_mmlu,TinyLlama-1.1B-Chat,97.0050162289761,0.21336429760720915,99.70622796709753,0.0328681773036166,2.7012117381214296
sinhala_mmlu,LaMini-GPT-1.5B,88.57142857142857,0.632696184909777,97.35835940215503,0.22829246292183775,8.786930830726462
sinhala_mmlu,StableLM-Zephyr-3B,43.15296251511487,1.9252115232171345,33.756345177664976,1.9862566277285758,-9.396617337449896
sinhala_mmlu,SmolLM3-3B,93.26937054804478,0.478448430250959,83.47143480157,0.9228786351535028,-9.797935746474778
sinhala_mmlu,Qwen3.5-4B,32.228521587440035,2.2109152697407772,40.718127634830644,2.1002404461429487,8.489606047390609
sinhala_mmlu,Zephyr-7B-beta,53.84615384615385,1.8237275258786623,53.57717629846379,1.7885964377156869,-0.26897754769005644
sinhala_mmlu,Qwen2-7B-Instruct,43.55096699142067,1.7580862085168305,42.38150625181739,1.7764845613699098,-1.1694607396032808
sinhala_mmlu,Llama-3.1-8B-Instruct,39.64238988225033,1.988802271148381,44.003488879197555,1.7406405389988961,4.361098996947227
sinhala_mmlu,Hormoz-8B,40.68905364151767,1.7719931333858558,36.96758249745603,1.9573221411559327,-3.7214711440616384
sinhala_mmlu,Qwen3.5-9B,28.783253379851725,2.2103999761748594,29.07399331298154,2.2157485181254843,0.2907399331298137
sold,TinyLlama-1.1B-Chat,97.23756906077348,0.18233425528982902,95.18599562363238,0.27844283300069567,-2.0515734371411014
sold,LaMini-GPT-1.5B,100.0,-0.0,99.92695398100804,0.00866404289858012,-0.07304601899195973
sold,StableLM-Zephyr-3B,99.03999999999999,0.07812957808071866,98.0392156862745,0.13923299905509887,-1.0007843137254895
sold,SmolLM3-3B,99.36,0.05584499786157901,99.11999999999999,0.07272856131967698,-0.2400000000000091
sold,Qwen3.5-4B,51.480000000000004,0.9993678918329605,55.32,0.9918181748930509,3.8399999999999963
sold,Zephyr-7B-beta,98.3567134268537,0.12091381252998955,98.43812575090108,0.11607767058514849,0.08141232404737764
sold,Qwen2-7B-Instruct,89.52,0.4840291328502567,76.55999999999999,0.7856029852223734,-12.960000000000008
sold,Llama-3.1-8B-Instruct,78.48,0.7513054799104053,79.32000000000001,0.7353213654483988,0.8400000000000034
sold,Hormoz-8B,90.2,0.462623491762443,79.28,0.7360964415713476,-10.920000000000002
sold,Qwen3.5-9B,52.32,0.9984464098924939,57.08,0.9854878531159845,4.759999999999998
