n,u_acc,r_acc,gap,b,c,n_disc,p,test,gap_lo,gap_hi,model,dataset,params,u_invalid,u_top_share,u_top_label,u_z,u_p_above,u_tok,r_invalid,r_top_share,r_top_label,r_z,r_p_above,r_tok,tok_ratio,head_u,head_r,retention,p_holm,competent,degenerate_u
6879,21.703736008140716,21.92179095798808,-0.2180549498473615,54,69,123,0.20682737249566782,chi2,-0.5378688762901584,0.1017589765954354,TinyLlama-1.1B-Chat,sinhala_mmlu,1.1,1.4682366623055676,97.0050162289761,A,-3.406196911709084,0.9996706267587512,3429200,1.0321267626108446,99.70622796709753,A,-2.978640814005015,0.99855235020386,1544945,0.45052636183366385,-1.7371711004506487,-1.5191161506032849,,0.8273094899826713,False,True
6879,0.9012937927024277,18.767262683529584,-17.865968890827155,46,1275,1321,3.0829333332401926e-250,chi2,-18.810873673499053,-16.935601104811745,LaMini-GPT-1.5B,sinhala_mmlu,1.5,95.92964093618258,88.57142857142857,A,-44.19504863267728,1.0,4015528,16.354121238552118,97.35835940215503,A,-9.163952360790548,1.0,1229193,0.30610993124689956,-22.539613315888936,-4.673644425061781,,3.391226666564212e-249,False,False
6879,22.895769733972962,23.97150748655328,-1.075737752580317,864,938,1802,0.08549219063746899,chi2,-2.26777147841256,0.1017589765954354,StableLM-Zephyr-3B,sinhala_mmlu,2.8,3.823230120657072,43.15296251511487,A,-1.0688902442601729,0.8574404357934118,4529341,2.6311963948248294,33.756345177664976,C,1.0403865044132348,0.1490801845582418,1470644,0.32469270916011844,-0.5451373746184025,0.530600377961914,,0.42746095318734495,False,False
6879,25.149004215729033,25.468818142171827,-0.31981392644279694,281,303,584,0.3848546882021171,chi2,-1.0175897659543538,0.36342491641226926,SmolLM3-3B,sinhala_mmlu,3.1,0.0,93.26937054804478,C,3.349189432015208,0.00040524180902378257,3658795,0.0,83.47143480157,C,3.9762717086478427,3.5002068929987946e-05,1771469,0.48416732831437675,1.708097107137668,2.0279110335804624,1.1872340425531898,0.8273094899826713,True,True
6879,36.749527547608665,26.108445995057423,10.641081552551244,1572,840,2412,4.167598936070953e-50,chi2,9.27460386684111,12.022096234917866,Qwen3.5-4B,sinhala_mmlu,4.0,0.0,32.228521587440035,C,26.095173829871683,2.0679613302597394e-150,1948347,0.0,40.718127634830644,D,5.230436261913112,8.455523837743209e-08,1395099,0.716042368222909,13.3086204390173,2.6675388864660583,0.20043691971600233,3.7508390424638575e-49,True,False
6879,24.30585840965257,24.887338275912196,-0.5814798662596308,712,752,1464,0.30806942571639645,chi2,-1.6717546154964384,0.5087948829771769,Zephyr-7B-beta,sinhala_mmlu,7.2,2.1078645151911615,53.84615384615385,D,1.6959725208928076,0.044945542089537965,3201240,0.6396278528855939,53.57717629846379,D,2.8361221147703253,0.002283249107316247,1552826,0.48507016031287875,0.864951301061204,1.4464311673208314,1.6722689075630188,0.8273094899826713,False,False
6879,29.015845326355578,27.00973978775985,2.006105538595726,901,763,1664,0.0007836989297564512,chi2,0.8431458060764646,3.1545282744584973,Qwen2-7B-Instruct,sinhala_mmlu,7.6,0.029073993312981536,43.55096699142067,B,10.9311842313007,4.088709928524602e-28,2844468,0.014536996656490768,42.38150625181739,C,6.997668132423264,1.3012882810226825e-12,1448817,0.5093455085450074,5.574938217764213,3.5688326791684872,0.640156453715776,0.005485892508295159,True,False
6879,32.47565053060038,27.067887774385813,5.407762756214566,1244,872,2116,7.310566191170724e-16,chi2,4.143044047099869,6.701555458642244,Llama-3.1-8B-Instruct,sinhala_mmlu,8.0,0.0,39.64238988225033,B,17.71507431487193,1.6040177022669075e-70,3438667,0.0,44.003488879197555,B,7.111683091811016,5.731812542130944e-13,1551341,0.4511460400207406,9.034743422009019,3.6269806657944486,0.40144810941271114,5.848452952936579e-15,True,False
6879,25.963076028492516,25.207152202354994,0.75592382613752,964,912,1876,0.23900373780218104,chi2,-0.4651838930077046,1.9915685419392353,Hormoz-8B,sinhala_mmlu,8.0,0.0,40.68905364151767,B,4.9453988634437325,3.7994057030007566e-07,3414443,0.0,36.96758249745603,C,3.46320439140296,0.0002668913784435408,1718816,0.5033957222305365,2.5221689199011514,1.7662450937636294,0.7002881844380399,0.8273094899826713,True,False
6879,44.13432184910597,28.666957406599796,15.46736444250618,1892,828,2720,2.4111356710222724e-92,chi2,14.028201773513594,16.921064108155253,Qwen3.5-9B,sinhala_mmlu,9.0,0.0,28.783253379851725,B,40.57507367211616,0.0,1948347,0.0,29.07399331298154,D,10.24709447497419,6.097721762436416e-25,1395099,0.716042368222909,20.69341474051461,5.226050298008431,0.2525465402177731,2.4111356710222725e-91,True,False
6879,28.666957406599796,27.184183747637736,1.4827736589620584,1015,913,1928,0.02143621404530666,chi2,0.2180549498473615,2.776566361389737,Phi-4-14B,sinhala_mmlu,14.7,0.0,38.668411106265445,C,10.24709447497419,6.097721762436416e-25,3259416,0.029073993312981536,45.950269012650864,C,7.33971301058652,1.0702616997427134e-13,1362439,0.41800095477226595,5.226050298008431,3.743276639046371,0.7162726008344921,0.12861728427183997,True,False
2500,4.2,22.28,-18.08,43,495,538,3.2765925550915744e-84,chi2,-19.759999999999998,-16.439999999999998,TinyLlama-1.1B-Chat,sold,1.1,92.75999999999999,97.23756906077348,NOT,-45.8,1.0,674966,63.44,95.18599562363238,NOT,-27.72,1.0,337532,0.5000725962492926,-45.8,-27.72,,3.2765925550915745e-83,False,True
2500,3.36,32.2,-28.84,22,743,765,2.1707538577896774e-149,chi2,-30.680000000000003,-26.959000000000014,LaMini-GPT-1.5B,sold,1.5,93.92,100.0,NOT,-46.64,1.0,814207,45.24,99.92695398100804,NOT,-17.8,1.0,274817,0.33752718903178186,-46.64,-17.799999999999997,,2.387829243568645e-148,False,True
2500,59.56,59.0,0.5599999999999999,35,21,56,0.0823522150528067,chi2,0.0,1.16,StableLM-Zephyr-3B,sold,2.8,0.0,99.03999999999999,NOT,9.56,5.887835226024615e-22,867684,0.04,98.0392156862745,NOT,9.0,1.1285884059538324e-19,319405,0.3681121237685609,9.560000000000002,9.0,0.9414225941422592,0.3294088602112268,True,True
2500,40.92,40.92,0.0,9,9,18,1.0,exact,-0.32,0.36,SmolLM3-3B,sold,3.1,0.0,99.36,OFF,-9.08,1.0,784237,0.0,99.11999999999999,OFF,-9.08,1.0,442300,0.5639876720940226,-9.079999999999998,-9.079999999999998,,1.0,False,True
2500,60.480000000000004,55.2,5.28,531,399,930,1.741749687780132e-05,chi2,2.92,7.64,Qwen3.5-4B,sold,4.0,0.0,51.480000000000004,OFF,10.48,5.337187130180928e-26,399941,0.0,55.32,OFF,5.2,9.96442631693347e-08,302222,0.7556664608029684,10.480000000000004,5.200000000000003,0.49618320610687033,0.00010450498126680792,True,False
2500,59.72,59.760000000000005,-0.04,24,25,49,1.0,chi2,-0.6,0.52,Zephyr-7B-beta,sold,7.2,0.2,98.3567134268537,NOT,9.72,1.2389074787004817e-22,650359,0.12,98.43812575090108,NOT,9.76,8.357761075568239e-23,339665,0.5222730830203011,9.719999999999999,9.760000000000005,1.004115226337449,1.0,True,True
2500,61.88,56.76,5.12,344,216,560,8.0177154754532e-08,chi2,3.2399999999999998,6.959999999999999,Qwen2-7B-Instruct,sold,7.6,0.0,89.52,NOT,11.88,7.518368107713222e-33,577330,0.0,76.55999999999999,NOT,6.76,6.8995870155696684e-12,324725,0.5624599449188505,11.880000000000003,6.759999999999998,0.5690235690235688,5.612400832817241e-07,True,False
2500,65.8,59.68,6.12,375,222,597,4.941666467967452e-10,chi2,4.2,8.0,Llama-3.1-8B-Instruct,sold,8.0,0.0,78.48,NOT,15.8,1.5555828689501069e-56,704237,0.0,79.32000000000001,NOT,9.68,1.8335799494758652e-22,362300,0.514457490873101,15.799999999999997,9.68,0.6126582278481013,3.953333174373961e-09,True,False
2500,60.72,59.08,1.6400000000000001,286,245,531,0.08258998096259673,chi2,-0.12099999999999908,3.44,Hormoz-8B,sold,8.0,0.0,90.2,NOT,10.72,4.1001667433373e-27,717035,0.0,79.28,NOT,9.08,5.42874260516387e-20,419976,0.5857119945330423,10.719999999999999,9.079999999999998,0.8470149253731343,0.3294088602112268,True,True
2500,63.32,52.0,11.32,594,311,905,6.983645959418229e-21,chi2,9.04,13.68,Qwen3.5-9B,sold,9.0,0.0,52.32,OFF,13.32,8.855375207357858e-41,399941,0.0,57.08,OFF,2.0,0.022750131948179195,302222,0.7556664608029684,13.32,2.0,0.15015015015015015,6.285281363476405e-20,True,False
2500,54.48,50.88,3.5999999999999996,470,380,850,0.0022681157741613555,chi2,1.32,5.84,Phi-4-14B,sold,14.7,0.0,64.2,OFF,4.48,3.7321519605144754e-06,635073,0.0,64.44,OFF,0.88,0.18942965477671214,294293,0.4634002705200819,4.479999999999997,0.8800000000000026,0.19642857142857215,0.011340578870806778,True,False
100,40.0,33.0,7.000000000000001,12,5,17,0.143463134765625,exact,-1.0,15.0,TinyLlama-1.1B-Chat,global_piqa,1.1,18.0,96.34146341463415,A,-2.0,0.9772498680518208,31510,28.000000000000004,100.0,A,-3.4,0.9996630707343231,14110,0.4477943509996826,-10.0,-17.0,,1.0,False,True
100,0.0,36.0,-36.0,0,36,36,5.433087474176234e-09,chi2,-46.0,-27.0,LaMini-GPT-1.5B,global_piqa,1.5,100.0,,,-10.0,1.0,38014,28.000000000000004,100.0,A,-2.8,0.997444869669572,11613,0.3054927132109223,-50.0,-14.0,,5.976396221593857e-08,False,False
100,45.0,44.0,1.0,15,14,29,1.0,chi2,-9.0,11.0,StableLM-Zephyr-3B,global_piqa,2.8,0.0,68.0,A,-1.0,0.8413447460685429,40616,0.0,53.0,A,-1.2,0.8849303297782918,13416,0.33031317707307467,-5.0,-6.0,,1.0,False,False
100,53.0,51.0,2.0,14,12,26,0.8445192674729399,chi2,-8.0,12.0,SmolLM3-3B,global_piqa,3.1,0.0,88.0,B,0.6,0.2742531177500736,35179,0.0,84.0,B,0.2,0.42074029056089696,18437,0.5240910770630206,3.0,1.0,0.3333333333333333,1.0,False,False
100,56.99999999999999,49.0,8.0,22,14,36,0.24334500914875917,chi2,-4.0,20.0,Qwen3.5-4B,global_piqa,4.0,0.0,54.0,B,1.4,0.08075665923377107,17315,0.0,72.0,B,-0.2,0.579259709439103,12766,0.7372798151891423,6.999999999999993,-1.0,-0.14285714285714302,1.0,False,False
100,48.0,50.0,-2.0,18,20,38,0.8711314915971582,chi2,-14.000000000000002,10.0,Zephyr-7B-beta,global_piqa,7.2,0.0,55.00000000000001,B,-0.4,0.6554217416103242,29850,0.0,79.0,B,0.0,0.5,14291,0.4787604690117253,-2.0,0.0,,1.0,False,False
100,45.0,42.0,3.0,21,18,39,0.7487740417065472,chi2,-10.0,15.0,Qwen2-7B-Instruct,global_piqa,7.6,0.0,54.0,A,-1.0,0.8413447460685429,26135,0.0,59.0,B,-1.6,0.945200708300442,13647,0.5221733307824756,-5.0,-8.0,,1.0,False,False
100,53.0,48.0,5.0,22,17,39,0.5218393903336151,chi2,-7.000000000000001,17.0,Llama-3.1-8B-Instruct,global_piqa,8.0,0.0,70.0,B,0.6,0.2742531177500736,31979,0.0,65.0,B,-0.4,0.6554217416103242,15237,0.4764689327371087,3.0,-2.0,-0.6666666666666666,1.0,False,False
100,47.0,48.0,-1.0,13,14,27,1.0,chi2,-11.0,9.0,Hormoz-8B,global_piqa,8.0,0.0,80.0,B,-0.6,0.7257468822499265,32440,0.0,77.0,B,-0.4,0.6554217416103242,17640,0.5437731196054254,-3.0,-2.0,,1.0,False,False
100,53.0,45.0,8.0,25,17,42,0.28008721081149435,chi2,-4.0,21.0,Qwen3.5-9B,global_piqa,9.0,0.0,66.0,A,0.6,0.2742531177500736,17315,0.0,72.0,A,-1.0,0.8413447460685429,12766,0.7372798151891423,3.0,-5.0,-1.6666666666666667,1.0,False,False
100,46.0,46.0,0.0,18,18,36,0.8676323347781927,chi2,-12.0,12.0,Phi-4-14B,global_piqa,14.7,0.0,67.0,A,-0.8,0.7881446014166034,29141,0.0,55.00000000000001,A,-0.8,0.7881446014166034,12451,0.4272674239044645,-4.0,-4.0,,1.0,False,False
