model,key,params,n,u_ppl,u_bpb,u_bpc,u_bpw,u_tok,u_bytes,u_words,r_ppl,r_bpb,r_bpc,r_bpw,r_tok,r_bytes,r_words,m_ppl,m_bpb,m_bpc,m_bpw,m_tok,m_bytes,m_words,ppl_ratio,m_ppl_ratio,d_bpb,d_bpw,m_d_bpb,u_tok_per_byte,r_tok_per_byte,u_tok_per_word,r_tok_per_word
OPT-350M,OPT-350M,0.35,500,4.754505539843339,2.2382969493052722,5.9335907332854845,31.824378898326565,42941,43152,3035,1075.8675209390362,3.9863597750647815,3.9974573021435,24.602472799584326,7414,18731,3035,8.153449153589813,2.6301048336158677,5.184278954106075,31.500260421333117,49351,56806,4743,226.28378743554606,1.7148889795716737,1.7480628257595092,-7.221906098742238,0.39180788431059543,0.9951103077493512,0.39581442528428806,14.148599670510709,2.442833607907743
BLOOM-560M,Bloom-560m,0.56,500,12.642960603216716,2.2873247310669744,6.063560437093137,32.5214618764422,26966,43152,3035,4915.045298129387,3.8102928816049033,3.820900260471195,23.515847105549078,5820,18731,3035,28.008793153659578,2.7149396604097014,5.351499439579218,32.51631084740322,32078,56806,4743,388.7574637287777,2.2153666401944947,1.5229681505379289,-9.005614770893125,0.42761492934272693,0.62490730441231,0.31071485772249213,8.88500823723229,1.9176276771004943
Pythia-410M,Pythia-410M,0.41,500,2.5807941929791918,1.3505399021035456,3.580200138565684,19.20214097382939,42607,43152,3035,1245.0016110410104,3.706896913081442,3.7172164505020877,22.877721937043987,6753,18731,3035,4.905517326498182,1.9783520302061184,3.8995893482733175,23.694342278703086,48981,56806,4743,482.4102651919786,1.900778194496555,2.3563570109778964,3.675580963214596,0.6278121281025728,0.9873702261772339,0.3605253323367679,14.03855024711697,2.22504118616145
BLOOM-1B1,bloom-1b1,1.1,500,11.00452268908784,2.162194687181103,5.731848208701251,30.742347657739366,26966,43152,3035,3558.498423435942,3.665519607606171,3.6757239557830292,22.622355113697264,5820,18731,3035,24.524680848319086,2.6067186440563916,5.1381817306036766,31.220168520823815,32078,56806,4743,323.366903224669,2.228600143887924,1.5033249204250678,-8.119992544042102,0.44452395687528856,0.62490730441231,0.31071485772249213,8.88500823723229,1.9176276771004943
TinyLlama-1.1B-Chat,TinyLlama-1.1B-Chat-v1.0,1.1,500,4.380397393398943,1.4689076042509732,3.893985805297825,20.88510739329094,29744,43152,3035,1014.2169873379509,3.9228069149376403,3.9337275188016996,24.21024590566621,7358,18731,3035,8.91910725562526,1.9797447651148194,3.902334610052827,23.71102279719849,35624,56806,4743,231.53538280940654,2.0361411202248325,2.4538993106866673,3.3251385123752684,0.5108371608638462,0.689284390063033,0.3928247290587796,9.800329489291599,2.4243822075782537
Llama-3.2-1B,Llama-3.2-1B,1.2,500,4.105431905842829,1.3866865662053909,3.676022773368659,19.716078650706766,29368,43152,3035,1718.5930874251173,3.881455239293752,3.8922607252642685,23.95503726102513,6765,18731,3035,8.537148112415467,1.9028391069587536,3.7507435480030167,22.78993850092746,34939,56806,4743,418.6144422415641,2.079476242259784,2.4947686730883607,4.238958610318363,0.5161525407533627,0.6805710048201705,0.3611659815279483,9.676441515650742,2.228995057660626
Cerebras-GPT-1.3B,Cerebras-GPT-1.3B,1.3,500,2.8598682233994586,1.4909709306284522,3.952474357935801,21.198806457488953,42441,43152,3035,1040.2116785716526,3.699571891149346,3.709871036625002,22.8325143634657,6914,18731,3035,5.229440454676095,2.052433914816495,4.045614385130151,24.58160678158672,48851,56806,4743,363.7271361178933,1.8285599356952125,2.2086009605208936,1.633707905976749,0.561462984188043,0.9835233592880979,0.3691207089851049,13.983855024711698,2.2780889621087317
OPT-1.3B,Opt-1.3b,1.3,500,3.8689585088274634,1.9424008456324158,5.149187940209486,27.61729202330478,42941,43152,3035,1121.8675240324135,4.010267712583956,4.021431796370796,24.75002455499509,7414,18731,3035,6.82431397545071,2.407070155945325,4.74464857485097,28.829016925707382,49351,56806,4743,289.96628458866815,1.7638633135714097,2.0678668669515403,-2.8672674683096915,0.46466931031290937,0.9951103077493512,0.39581442528428806,14.148599670510709,2.442833607907743
LaMini-GPT-1.5B,LaMini-GPT-1.5B,1.5,500,5.408926003231497,2.39521590305371,6.349573451810645,34.055471712874365,42441,43152,3035,1322.0093594964455,3.827234226371453,3.837888767822886,23.6204033918167,6914,18731,3035,9.45821681467854,2.787625405880622,5.494772504474638,33.38685405997356,48851,56806,4743,244.4125430273269,1.7486312086776272,1.432018323317743,-10.435068321057663,0.3924095028269119,0.9835233592880979,0.3691207089851049,13.983855024711698,2.2780889621087317
Qwen1.5-1.8B,Qwen1.5-1.8B,1.8,500,8.07093831421398,1.6013889276283808,4.245185833948881,22.768743000006552,22937,43152,3035,1584.9079360810842,3.5730945603720854,3.5830416087761408,22.051938784293093,6296,18731,3035,17.596489810258486,2.078876996431254,4.0977371407499845,24.898310491097153,28544,56806,4743,196.37220288127514,2.180228509400049,1.9717056327437046,-0.7168042157134593,0.4774880688028733,0.5315396737115313,0.3361272756393145,7.557495881383855,2.074464579901153
OPT-2.7B,Opt-2.7B,2.7,500,3.5854662880094694,1.833153153703665,4.8595788726268925,26.06399502096229,42941,43152,3035,1052.7852642787905,3.9739750430462584,3.9850380925798747,24.526038395815313,7414,18731,3035,6.26456795440069,2.299804742799206,4.533214484175429,27.54431967519538,49351,56806,4743,293.6257601415802,1.747211506450551,2.140821889342593,-1.537956625146979,0.46665158909554116,0.9951103077493512,0.39581442528428806,14.148599670510709,2.442833607907743
BLOOM-3B,Bloom-3B,3.0,500,6.947963132481435,1.7476095801816793,4.632807998771337,24.847726063920867,26966,43152,3035,3258.4641694080483,3.626035061597602,3.6361294897363186,22.378669765662174,5820,18731,3035,15.903389201057855,2.2538413832790853,4.442614720099646,26.99382534652155,32078,56806,4743,468.9812117993064,2.2889282654236003,1.8784254814159227,-2.4690562982586926,0.506231803097406,0.62490730441231,0.31071485772249213,8.88500823723229,1.9176276771004943
Llama-3.2-3B,Llama-3.2-3B,3.2,500,3.7421058088046464,1.2957053468509137,3.434837027110863,18.42249658230993,29368,43152,3035,1560.6674865678563,3.8312297622802576,3.8418954268039784,23.645062496629823,6765,18731,3035,7.397604586619212,1.775709010300775,3.5001535805942545,21.267325751453896,34939,56806,4743,417.05594825668106,1.9768560710425915,2.535524415429344,5.222565914319894,0.48000366344986145,0.6805710048201705,0.3611659815279483,9.676441515650742,2.228995057660626
SmolLM3-3B,SmolLM3-3B,3.1,500,6.984707066046231,1.8759648307648367,4.973070056343791,26.672696664634017,28868,43152,3035,5372.999960395331,4.144617125734714,4.156155221485998,25.579183980934744,6265,18731,3035,13.885857304562215,2.3010729804838994,4.53571434572221,27.559509114351336,34439,56806,4743,769.2520115144608,1.9880371751112613,2.2686522949698777,-1.0935126836992737,0.42510814971906274,0.6689840563589173,0.33447226522876516,9.511696869851729,2.0642504118616145
StableLM-Zephyr-3B,stablelm-zephyr-3b,2.8,500,4.5655177331914905,2.1631094356042966,5.7342731518120535,30.75535366233826,42607,43152,3035,2129.197095819064,3.9860018873492415,3.997098418113317,24.60026403688259,6753,18731,3035,7.513525441946811,2.508709107631341,4.944992177664247,30.04632712800041,48981,56806,4743,466.3648725619263,1.645711588703991,1.822892451744945,-6.15508962545567,0.3455996720270442,0.9873702261772339,0.3605253323367679,14.03855024711697,2.22504118616145
Qwen3.5-4B-Base,Qwen3.5-4B-Base,4.0,500,23.924711091389938,1.3990095963769649,3.7086903859724036,19.891288995999602,13180,43152,3035,1512.657799166828,3.3779077953293477,3.3873114681896257,20.84731166863724,5990,18731,3035,83.32467369538927,1.9848757595108255,3.912448467843157,23.772475731556387,17671,56806,4743,63.225749869606815,3.4827870387691444,1.9788981989523828,0.9560226726376371,0.5858661631338606,0.30543196143863555,0.31979072126421443,4.342668863261944,1.9736408566721582
Qwen3.5-4B,Qwen3.5-4B,4.0,500,25.840030759479877,1.4329450066835694,3.7986511198187363,20.373786796839997,13180,43152,3035,1663.1354443118623,3.421661566384497,3.4311870442715358,21.117345238862608,5990,18731,3035,90.70583354351515,2.022967541683904,3.987532328425547,24.228693690258453,17671,56806,4743,64.36275017597305,3.5102834972531176,1.9887165597009275,0.7435584420226107,0.5900225350003345,0.30543196143863555,0.31979072126421443,4.342668863261944,1.9736408566721582
Mistral-7B-v0.3,Mistral-7B-v0.3,7.2,500,5.256041939925169,1.5590363293149119,4.132911640410191,22.166568593936436,28102,43152,3035,921.4039575034692,3.884188436464699,3.8950015313143256,23.971905635393835,7388,18731,3035,10.152569294188067,1.9839193772984598,3.9105633140225646,23.76102132549363,33704,56806,4743,175.30376812719788,1.9315997494366663,2.325152107149787,1.805337041457399,0.4248830479835479,0.6512328513162774,0.39442635203673054,9.259308072487643,2.4342668863261943
Qwen2-7B,Qwen2-7B,7.6,500,6.287058238184841,1.4098479250317983,3.737422144057757,20.04538967412592,22937,43152,3035,1357.0133929891972,3.497814124228067,3.5075516013124863,21.587333232591742,6296,18731,3035,14.113027563954185,1.918956955951527,3.7825139262216743,22.982978882517905,28544,56806,4743,215.84234495352558,2.2447744285614903,2.0879661991962686,1.541943558465821,0.5091090309197286,0.5315396737115313,0.3361272756393145,7.557495881383855,2.074464579901153
Qwen2-7B-Instruct,Qwen/Qwen2-7B-Instruct,7.6,500,6.460328441015473,1.4306961791847324,3.7926896132313286,20.341812693304636,22937,43152,3035,1611.208142884432,3.581075512620705,3.5910447789977207,22.101194539340504,6296,18731,3035,15.454130538104682,1.9847645170353752,3.9122291944450365,23.771143401794543,28544,56806,4743,249.40034513650403,2.3921586462987183,2.150379333435972,1.7593818460358683,0.5540683378506428,0.5315396737115313,0.3361272756393145,7.557495881383855,2.074464579901153
Gemma-7B,gemma-7b,8.5,500,21.130525771289037,1.4056850357864927,3.726386574779379,19.986201207334016,13782,43152,3035,3138.8956758930926,3.805244237685265,3.815837561758269,23.484688572020662,6136,18731,3035,65.99701698786694,1.9295120320633765,3.8033193550571553,23.10939500176938,18134,56806,4743,148.547921138718,3.123302169676249,2.3995592018987724,3.498487364686646,0.5238269962768838,0.31938264738598443,0.32758528642357587,4.541021416803954,2.0217462932454695
Zephyr-7B-beta,zephyr-7b-beta,7.2,500,8.282099300356784,1.9862579174433785,5.265450402599623,28.240857216974195,28102,43152,3035,1515.5712352821754,4.167369188305114,4.178970622953214,25.719602064627047,7388,18731,3035,15.76187504106852,2.36043534581722,4.652725294232728,28.270480762068942,33704,56806,4743,182.993608301326,1.9031255807799259,2.1811112708617353,-2.5212551523471483,0.3741774283738415,0.6512328513162774,0.39442635203673054,9.259308072487643,2.4342668863261943
Llama-3.1-8B,Llama-3.1-8B,8.0,500,3.220842308603313,1.1484213946740502,3.0443961188705377,16.32839539471981,29368,43152,3035,970.5155577863854,3.5837082878630007,3.5936848835570356,22.117443143315278,6765,18731,3035,6.35694166870727,1.6411801826821468,3.234979751464035,19.656099822357586,34939,56806,4743,301.3235249655051,1.973689196682186,2.4352868931889504,5.789047748595468,0.4927587880080966,0.6805710048201705,0.3611659815279483,9.676441515650742,2.228995057660626
Llama-3.1-8B-Instruct,meta-llama-Llama-3.1-8B-Instruct,8.0,500,3.86022407563731,1.3262182325533385,3.5157248538605272,18.85633251108457,29368,43152,3035,1255.5339342395434,3.717873423683017,3.728223518336453,22.94546527150135,6765,18731,3035,7.94495602674754,1.839048354393188,3.625003671871315,22.025928909900784,34939,56806,4743,325.2489776859026,2.058159285853336,2.3916551911296784,4.089132760416781,0.5128301218398494,0.6805710048201705,0.3611659815279483,9.676441515650742,2.228995057660626
Minitron-8B-Base,Minitron-8B-Base,8.4,500,2.984280595716789,1.5750437273697202,4.1753462909115475,22.394163730958212,43088,43152,3035,2118.6098619317418,3.4277492308139688,3.437291655997455,21.154916257784667,5811,18731,3035,5.084289215278371,1.999503958879468,3.9412825527640463,23.947674865719385,48415,56806,4743,709.9231436120626,1.703690069417613,1.8527055034442486,-1.2392474731735454,0.4244602315097479,0.9985168705969596,0.3102343708291068,14.197034596375618,1.914662273476112
Hormoz-8B,Hormoz-8B,8.0,500,5.982875109590693,1.5670319165955808,4.154107461907636,22.280250828643332,26201,43152,3035,4175.781328030931,4.044808285751029,4.056068526173913,24.963197364218296,6299,18731,3035,13.580547340434167,2.0825424639800194,4.1049622543755495,24.9422110918931,31434,56806,4743,697.9556235992713,2.2699031973213386,2.477776369155448,2.6829465355749633,0.5155105473844386,0.6071792732665925,0.3362874379371096,8.632948929159802,2.075453047775947
Gemma-2-9B,Gemma-2-9B,9.2,500,13.23267353415514,1.1900301779384819,3.1546985034034503,16.91999414774345,13782,43152,3035,4726.071527630569,3.998645475155697,4.009777204087015,24.678296011578702,6136,18731,3035,48.99233207846964,1.7922940177971471,3.532844789027542,21.465961200713625,18134,56806,4743,357.1516757692241,3.7023759372597285,2.808615297217215,7.758301863835253,0.6022638398586653,0.31938264738598443,0.32758528642357587,4.541021416803954,2.0217462932454695
Qwen3.5-9B-Base,Qwen3.5-9B-Base,9.0,500,21.39329562948535,1.349730361663756,3.5780540954978743,19.190630829164547,13180,43152,3035,1250.07854426581,3.289943950880775,3.299102743398887,20.304428383508338,5990,18731,3035,78.56088110559914,1.9584552247410623,3.8603701549894436,23.456042061277834,17671,56806,4743,58.43319168379494,3.672219674154479,1.9402135892170191,1.1137975543437904,0.6087248630773063,0.30543196143863555,0.31979072126421443,4.342668863261944,1.9736408566721582
Qwen3.5-9B,Qwen3.5-9B,9.0,500,22.56246195470019,1.3731770761813233,3.640209926979756,19.523999074588623,13180,43152,3035,1307.842623843437,3.3107847772945087,3.3200015880669977,20.433050959968188,5990,18731,3035,84.24037963049649,1.9897808650400401,3.9221170692759815,23.83122323834377,17671,56806,4743,57.96542179081607,3.7336519303447564,1.9376077011131854,0.909051885379565,0.6166037888587168,0.30543196143863555,0.31979072126421443,4.342668863261944,1.9736408566721582
Phi-4-14B,Phi-4-14B,14.7,500,4.0098946012032615,1.3414669129925934,3.5561481895476343,19.07314010855235,28892,43152,3035,1149.1202450252833,3.4459413773133862,3.455534447157613,21.267192071979256,6349,18731,3035,8.080592310066438,1.8321529786347464,3.6114119887687077,21.943344318854184,34526,56806,4743,286.5711843599239,2.0151632682918073,2.104474464320793,2.1940519634269045,0.490686065642153,0.6695402298850575,0.3389568095670279,9.519604612850083,2.0919275123558485
Mistral-Nemo-Base-2407,Mistral-Nemo-Base-2407,12.2,500,2.804432450093713,1.4856402728089675,3.938343104328085,21.123014514745492,43092,43152,3035,1938.4194881711041,3.895781548840837,3.9066269174654815,24.043454428776847,6682,18731,3035,4.625360403833316,1.9120449462833489,3.7688894555179537,22.900195070329307,49157,56806,4743,691.1984947636482,1.6493035529091653,2.4101412760318697,2.9204399140313555,0.4264046734743814,0.9986095661846496,0.3567348246222839,14.19835255354201,2.20164744645799
