model,p,frac_worse,median_delta
OPT-350M,2.419017150599254e-83,0.01,-7.237941499352226
BLOOM-560M,8.560407263823444e-83,0.012,-8.893056593461402
Pythia-410M,1.8866267922438963e-66,0.876,3.7473568032105184
BLOOM-1B1,1.8800431964563553e-83,0.01,-8.222529176519775
TinyLlama-1.1B-Chat,2.47342861077416e-52,0.82,3.658800706239549
Llama-3.2-1B,1.961244382851556e-71,0.906,4.34035945566591
Cerebras-GPT-1.3B,1.841053337813688e-24,0.718,1.8849238550837075
OPT-1.3B,1.5233404379984353e-66,0.114,-2.74654384420481
LaMini-GPT-1.5B,1.2800120754180319e-83,0.002,-10.27424657224058
Qwen1.5-1.8B,5.54861139182271e-07,0.386,-0.8971460077095355
OPT-2.7B,1.0191206245901404e-32,0.238,-1.3267862796050025
BLOOM-3B,3.85877470936392e-47,0.206,-2.254938053950701
Llama-3.2-3B,2.87658314777124e-79,0.942,5.34585849331955
SmolLM3-3B,1.383779618214987e-10,0.362,-1.0694166492539683
StableLM-Zephyr-3B,2.689147625830952e-76,0.076,-6.317663208830478
Qwen3.5-4B-Base,1.3956440448353286e-06,0.59,0.7594376073545241
Qwen3.5-4B,0.0008201987930677808,0.55,0.499574129334718
Mistral-7B-v0.3,4.636419663279448e-34,0.746,1.9923028187667136
Qwen2-7B,3.7706633722283366e-23,0.706,1.554952053598905
Qwen2-7B-Instruct,1.101311629145485e-22,0.702,1.557094747227639
Gemma-7B,2.2442090052983068e-69,0.888,3.444219775774126
Zephyr-7B-beta,1.5815375701541962e-39,0.244,-2.486190272957593
Llama-3.1-8B,9.705521209620249e-83,0.98,5.883058381999636
Llama-3.1-8B-Instruct,6.521890671055472e-68,0.896,4.076576624886306
Minitron-8B-Base,1.3417766022807224e-23,0.314,-1.1325564478179349
Hormoz-8B,1.6107090321466668e-33,0.774,2.9313314805358726
Gemma-2-9B,1.2647189486921487e-83,1.0,7.805065082483677
Qwen3.5-9B-Base,8.087073543904375e-08,0.594,0.9662415834901132
Qwen3.5-9B,2.668322699030596e-05,0.578,0.5536443138830922
Phi-4-14B,9.918634798348041e-36,0.738,2.12500145540721
Mistral-Nemo-Base-2407,3.2986732420945226e-60,0.848,2.8934234257962608
