ext,model,key,params,n,u_ppl,u_bpb,u_bpc,u_bpw,u_tok,u_bytes,u_words,r_ppl,r_bpb,r_bpc,r_bpw,r_tok,r_bytes,r_words,m_ppl,m_bpb,m_bpc,m_bpw,m_tok,m_bytes,m_words,ppl_ratio,m_ppl_ratio,d_bpb,d_bpw,m_d_bpb,u_tok_per_byte,r_tok_per_byte,u_tok_per_word,r_tok_per_word,gap,u_acc,r_acc,head_u,retention,d_macroF1,d_mcc,u_mcc
TinyLlama-1.1B-Chat,TinyLlama-1.1B-Chat,TinyLlama-1.1B-Chat-v1.0,1.1,500,4.380397393398943,1.4689076042509732,3.893985805297825,20.88510739329094,29744,43152,3035,1014.2169873379509,3.92280691493764,3.9337275188017,24.21024590566621,7358,18731,3035,8.91910725562526,1.9797447651148197,3.902334610052827,23.71102279719849,35624,56806,4743,231.5353828094065,2.0361411202248325,2.453899310686668,3.3251385123752684,0.5108371608638462,0.689284390063033,0.3928247290587796,9.8003294892916,2.4243822075782537,-0.2180549498473615,21.703736008140716,21.92179095798808,-1.7371711004506487,,-17.864101549192767,0.023740260944315052,-0.018778491774690226
LaMini-GPT-1.5B,LaMini-GPT-1.5B,LaMini-GPT-1.5B,1.5,500,5.408926003231497,2.39521590305371,6.349573451810645,34.055471712874365,42441,43152,3035,1322.0093594964455,3.827234226371453,3.837888767822886,23.6204033918167,6914,18731,3035,9.45821681467854,2.787625405880622,5.494772504474638,33.38685405997356,48851,56806,4743,244.4125430273269,1.7486312086776272,1.432018323317743,-10.435068321057663,0.3924095028269119,0.983523359288098,0.3691207089851049,13.983855024711698,2.278088962108732,-17.865968890827155,0.9012937927024277,18.767262683529584,-22.539613315888936,,-23.147949634023483,-0.024196195095520574,0.0
SmolLM3-3B,SmolLM3-3B,SmolLM3-3B,3.1,500,6.984707066046231,1.8759648307648369,4.973070056343791,26.672696664634017,28868,43152,3035,5372.999960395331,4.144617125734714,4.156155221485998,25.579183980934744,6265,18731,3035,13.885857304562215,2.3010729804838994,4.53571434572221,27.559509114351336,34439,56806,4743,769.2520115144608,1.988037175111261,2.2686522949698777,-1.0935126836992737,0.4251081497190627,0.6689840563589173,0.3344722652287651,9.511696869851727,2.0642504118616145,-0.31981392644279694,25.149004215729033,25.468818142171827,1.708097107137668,1.1872340425531898,-0.15963371319942254,0.008645282805904656,0.025494855489906473
StableLM-Zephyr-3B,StableLM-Zephyr-3B,stablelm-zephyr-3b,2.8,500,4.5655177331914905,2.1631094356042966,5.7342731518120535,30.75535366233826,42607,43152,3035,2129.197095819064,3.9860018873492415,3.997098418113317,24.60026403688259,6753,18731,3035,7.513525441946811,2.508709107631341,4.944992177664247,30.04632712800041,48981,56806,4743,466.3648725619263,1.645711588703991,1.822892451744945,-6.15508962545567,0.3455996720270442,0.987370226177234,0.3605253323367679,14.03855024711697,2.22504118616145,-1.075737752580317,22.895769733972962,23.97150748655328,-0.5451373746184025,,-0.2700362707519872,0.034929187959140434,0.03555203288444584
Qwen3.5-4B,Qwen3.5-4B,Qwen3.5-4B,4.0,500,25.84003075947988,1.4329450066835694,3.798651119818736,20.37378679684,13180,43152,3035,1663.1354443118623,3.421661566384497,3.431187044271536,21.117345238862608,5990,18731,3035,90.70583354351515,2.022967541683904,3.987532328425547,24.228693690258453,17671,56806,4743,64.36275017597305,3.5102834972531176,1.9887165597009275,0.7435584420226107,0.5900225350003345,0.3054319614386355,0.3197907212642144,4.342668863261944,1.9736408566721584,10.641081552551244,36.749527547608665,26.108445995057423,13.3086204390173,0.20043691971600233,5.105240718517166,0.09219185758313264,0.21916708345936847
Qwen2-7B-Instruct,Qwen2-7B-Instruct,Qwen/Qwen2-7B-Instruct,7.6,500,6.460328441015473,1.4306961791847324,3.7926896132313286,20.34181269330464,22937,43152,3035,1611.208142884432,3.581075512620705,3.5910447789977207,22.101194539340504,6296,18731,3035,15.454130538104682,1.9847645170353752,3.912229194445037,23.771143401794543,28544,56806,4743,249.40034513650403,2.3921586462987183,2.150379333435972,1.7593818460358683,0.5540683378506428,0.5315396737115313,0.3361272756393145,7.557495881383855,2.074464579901153,2.006105538595726,29.015845326355578,27.00973978775985,5.574938217764213,0.640156453715776,-0.4509496743201922,0.10546796447954654,0.14793008947861977
Zephyr-7B-beta,Zephyr-7B-beta,zephyr-7b-beta,7.2,500,8.282099300356784,1.9862579174433783,5.265450402599623,28.240857216974195,28102,43152,3035,1515.5712352821754,4.167369188305114,4.178970622953214,25.719602064627047,7388,18731,3035,15.76187504106852,2.36043534581722,4.652725294232728,28.270480762068942,33704,56806,4743,182.993608301326,1.9031255807799257,2.1811112708617357,-2.5212551523471483,0.3741774283738415,0.6512328513162774,0.3944263520367305,9.259308072487643,2.4342668863261943,-0.5814798662596308,24.30585840965257,24.887338275912196,0.864951301061204,1.6722689075630188,0.07726324283112262,-0.0002582439884972962,0.05998876671693038
Llama-3.1-8B-Instruct,Llama-3.1-8B-Instruct,meta-llama-Llama-3.1-8B-Instruct,8.0,500,3.86022407563731,1.3262182325533385,3.5157248538605272,18.85633251108457,29368,43152,3035,1255.5339342395434,3.717873423683017,3.728223518336453,22.94546527150135,6765,18731,3035,7.94495602674754,1.839048354393188,3.625003671871315,22.025928909900784,34939,56806,4743,325.2489776859026,2.058159285853336,2.3916551911296784,4.089132760416781,0.5128301218398494,0.6805710048201705,0.3611659815279483,9.676441515650742,2.228995057660626,5.407762756214566,32.47565053060038,27.067887774385813,9.034743422009019,0.40144810941271114,7.50158913558537,0.15401826490272713,0.2587933888996517
Hormoz-8B,Hormoz-8B,Hormoz-8B,8.0,500,5.982875109590693,1.5670319165955808,4.154107461907636,22.28025082864333,26201,43152,3035,4175.781328030931,4.044808285751029,4.056068526173913,24.963197364218296,6299,18731,3035,13.580547340434167,2.0825424639800194,4.1049622543755495,24.9422110918931,31434,56806,4743,697.9556235992713,2.2699031973213386,2.477776369155448,2.6829465355749638,0.5155105473844386,0.6071792732665925,0.3362874379371096,8.632948929159802,2.075453047775947,0.75592382613752,25.963076028492516,25.207152202354994,2.5221689199011514,0.7002881844380399,-3.9772579976613045,0.018479811186541545,0.10829645978892728
Qwen3.5-9B,Qwen3.5-9B,Qwen3.5-9B,9.0,500,22.56246195470019,1.3731770761813231,3.640209926979756,19.523999074588623,13180,43152,3035,1307.842623843437,3.3107847772945087,3.3200015880669977,20.433050959968188,5990,18731,3035,84.24037963049649,1.98978086504004,3.9221170692759815,23.83122323834377,17671,56806,4743,57.96542179081607,3.733651930344757,1.9376077011131851,0.909051885379565,0.6166037888587168,0.3054319614386355,0.3197907212642144,4.342668863261944,1.9736408566721584,15.46736444250618,44.13432184910597,28.666957406599796,20.69341474051461,0.2525465402177731,11.161059512640328,0.21189930757748027,0.2804200048968626
Phi-4-14B,Phi-4-14B,Phi-4-14B,14.7,500,4.0098946012032615,1.3414669129925934,3.5561481895476343,19.07314010855235,28892,43152,3035,1149.120245025283,3.4459413773133862,3.455534447157613,21.267192071979256,6349,18731,3035,8.080592310066438,1.8321529786347464,3.611411988768708,21.943344318854184,34526,56806,4743,286.5711843599239,2.0151632682918077,2.104474464320793,2.1940519634269045,0.490686065642153,0.6695402298850575,0.3389568095670279,9.519604612850085,2.0919275123558485,1.4827736589620584,28.666957406599796,27.184183747637736,5.226050298008431,0.7162726008344921,3.619970131730831,0.07538258334957174,0.15184010053178396
