model,total,tok_term,loss_term,tok_share
OPT-350M,7.821989413247305,4.735478416990415,3.0865109962568904,0.6054058842077207
BLOOM-560M,8.60272656349032,4.9334224815511565,3.669304081939163,0.5734719620740283
Pythia-410M,8.914116796399112,4.4529185317214255,4.461198264677687,0.49953558310119933
BLOOM-1B1,8.337028215534039,4.7150507860991535,3.6219774294348848,0.5655553350909615
TinyLlama-1.1B-Chat,7.855088870098426,2.951652579873758,4.903436290224667,0.3757631044900926
Llama-3.2-1B,8.709478275355117,3.4228583233756833,5.286619951979433,0.3930038304431181
Cerebras-GPT-1.3B,8.50671275285806,4.392206725028074,4.114506027829987,0.5163224447131347
OPT-1.3B,8.17974135248233,4.52856032535414,3.6511810271281906,0.5536312372493104
LaMini-GPT-1.5B,7.93317451461625,5.265400603178568,2.6677739114376817,0.6637192454896185
Qwen1.5-1.8B,7.617446915743322,2.8297605201803684,4.787686395562953,0.37148411422887295
OPT-2.7B,8.197834732881732,4.417838839649223,3.77999589323251,0.5389031352302278
BLOOM-3B,8.873386316807679,4.3476749392299725,4.525711377577707,0.4899679540599679
Llama-3.2-3B,8.70409712466326,3.3311124035002972,5.372984721162962,0.3827062538240196
SmolLM3-3B,9.587312500836816,4.500326558670382,5.086985942166434,0.46940438817213653
StableLM-Zephyr-3B,8.86531531602916,5.414104568026387,3.4512107480027723,0.6107063736624547
Qwen3.5-4B-Base,5.9824403375192166,-0.3511189967371281,6.3335593342563445,-0.05869160023796063
Qwen3.5-4B,6.00815406763096,-0.3568294047639506,6.36498347239491,-0.05939085461978672
Mistral-7B-v0.3,7.453713196710712,2.721009510262639,4.732703686448074,0.36505422712848773
Qwen2-7B,7.753834116980276,2.683844357719554,5.069989759260721,0.3461312580626596
Qwen2-7B-Instruct,7.962319651439413,2.740778611530342,5.221541039909071,0.3442186110971907
Gemma-7B,7.214784605221708,-0.20426929029051735,7.419053895512226,-0.028312597183106095
Zephyr-7B-beta,7.5156494479396665,3.0761319985568183,4.439517449382849,0.4092968970765536
Llama-3.1-8B,8.235169501360199,3.074596331909181,5.160573169451018,0.3733494898194083
Llama-3.1-8B-Instruct,8.345400712083524,3.277286706936434,5.068114005147089,0.392705733373733
Minitron-8B-Base,9.471519036460379,5.5578131631163705,3.9137058733440093,0.5867921651977582
Hormoz-8B,9.446991501784888,3.7225765171887772,5.724414984596111,0.3940488902192242
Gemma-2-9B,8.480393080299919,-0.20339694468719774,8.683790024987118,-0.023984376993053766
Qwen3.5-9B-Base,5.868716187877757,-0.3410311831299545,6.209747371007712,-0.05811001456065949
Qwen3.5-9B,5.857120638451926,-0.3442864617258857,6.201407100177812,-0.05878083839790651
Phi-4-14B,8.162749739112835,3.4868278029455273,4.675921936167306,0.4271633842010317
Mistral-Nemo-Base-2407,9.432956265494589,4.848150536926884,4.584805728567705,0.5139587633477367
