id,n_cov,attest
sold_0001,7,0.5714285714285714
sold_0002,12,0.5
sold_0003,8,0.625
sold_0004,4,0.5
sold_0005,10,0.4
sold_0006,12,0.75
sold_0007,35,0.5428571428571428
sold_0008,7,0.7142857142857143
sold_0009,21,0.5714285714285714
sold_0010,15,0.4
sold_0011,31,0.41935483870967744
sold_0012,14,0.6428571428571429
sold_0013,13,0.6153846153846154
sold_0014,25,0.56
sold_0015,27,0.7037037037037037
sold_0016,5,0.6
sold_0017,27,0.5925925925925926
sold_0018,22,0.5909090909090909
sold_0019,33,0.7878787878787878
sold_0020,2,0.5
sold_0021,9,0.3333333333333333
sold_0022,10,0.1
sold_0023,11,0.36363636363636365
sold_0024,31,0.5483870967741935
sold_0025,39,0.6923076923076923
sold_0026,8,0.75
sold_0027,28,0.7142857142857143
sold_0028,3,1.0
sold_0029,6,0.3333333333333333
sold_0030,33,0.5454545454545454
sold_0031,17,0.5882352941176471
sold_0032,24,0.75
sold_0033,8,0.75
sold_0034,13,0.46153846153846156
sold_0035,8,0.25
sold_0036,12,0.25
sold_0037,5,0.8
sold_0038,15,0.7333333333333333
sold_0039,38,0.42105263157894735
sold_0040,4,0.5
sold_0041,5,0.8
sold_0042,8,0.75
sold_0043,6,0.3333333333333333
sold_0044,26,0.6153846153846154
sold_0045,10,0.8
sold_0046,41,0.4878048780487805
sold_0047,42,0.5952380952380952
sold_0048,3,0.6666666666666666
sold_0049,20,0.65
sold_0050,15,0.6
sold_0051,5,0.6
sold_0052,45,0.6666666666666666
sold_0053,29,0.6206896551724138
sold_0054,15,0.4
sold_0055,9,0.5555555555555556
sold_0056,45,0.6
sold_0057,4,0.5
sold_0058,7,0.7142857142857143
sold_0059,14,0.5
sold_0060,4,0.0
sold_0061,14,0.6428571428571429
sold_0062,9,0.4444444444444444
sold_0063,11,0.6363636363636364
sold_0064,24,0.5
sold_0065,48,0.7916666666666666
sold_0066,2,0.5
sold_0067,7,0.7142857142857143
sold_0068,1,0.0
sold_0069,36,0.7222222222222222
sold_0070,15,0.7333333333333333
sold_0071,31,0.4838709677419355
sold_0072,10,0.6
sold_0073,18,0.3888888888888889
sold_0074,5,0.6
sold_0075,11,0.6363636363636364
sold_0076,16,0.6875
sold_0077,4,0.75
sold_0078,4,0.75
sold_0079,40,0.55
sold_0080,21,0.7619047619047619
sold_0081,20,0.35
sold_0082,10,0.7
sold_0083,2,1.0
sold_0084,21,0.5238095238095238
sold_0085,25,0.56
sold_0086,18,0.6111111111111112
sold_0087,10,0.6
sold_0088,11,0.6363636363636364
sold_0089,5,0.8
sold_0090,3,0.6666666666666666
sold_0091,21,0.6666666666666666
sold_0092,8,0.5
sold_0093,16,0.375
sold_0094,25,0.68
sold_0095,8,0.75
sold_0096,38,0.6052631578947368
sold_0097,25,0.44
sold_0098,15,0.13333333333333333
sold_0099,20,0.75
sold_0100,7,0.7142857142857143
sold_0101,1,0.0
sold_0102,9,0.4444444444444444
sold_0103,4,0.75
sold_0104,7,0.42857142857142855
sold_0105,6,0.8333333333333334
sold_0106,39,0.5384615384615384
sold_0107,14,0.42857142857142855
sold_0108,8,0.125
sold_0109,10,0.4
sold_0110,21,0.5238095238095238
sold_0111,42,0.6428571428571429
sold_0112,39,0.7435897435897436
sold_0113,9,0.6666666666666666
sold_0114,34,0.5588235294117647
sold_0115,8,0.5
sold_0116,7,0.42857142857142855
sold_0117,21,0.5714285714285714
sold_0118,27,0.6666666666666666
sold_0119,7,0.42857142857142855
sold_0120,3,0.6666666666666666
sold_0121,14,0.7857142857142857
sold_0122,13,0.6923076923076923
sold_0123,21,0.6190476190476191
sold_0124,12,0.6666666666666666
sold_0125,29,0.5517241379310345
sold_0126,45,0.5555555555555556
sold_0127,52,0.6923076923076923
sold_0128,23,0.7391304347826086
sold_0129,6,0.6666666666666666
sold_0130,6,0.5
sold_0131,10,0.6
sold_0132,6,0.6666666666666666
sold_0133,12,0.4166666666666667
sold_0134,19,0.6842105263157895
sold_0135,7,0.2857142857142857
sold_0136,22,0.6363636363636364
sold_0137,8,0.5
sold_0138,19,0.631578947368421
sold_0139,2,1.0
sold_0140,20,0.6
sold_0141,12,0.75
sold_0142,29,0.5172413793103449
sold_0143,9,0.6666666666666666
sold_0144,12,0.4166666666666667
sold_0145,12,0.5833333333333334
sold_0146,8,0.375
sold_0147,7,0.5714285714285714
sold_0148,38,0.5526315789473685
sold_0149,5,0.6
sold_0150,8,0.625
sold_0151,12,0.5833333333333334
sold_0152,39,0.6410256410256411
sold_0153,3,0.6666666666666666
sold_0154,26,0.6538461538461539
sold_0155,21,0.6190476190476191
sold_0156,11,0.6363636363636364
sold_0157,3,0.3333333333333333
sold_0158,24,0.5416666666666666
sold_0159,19,0.6842105263157895
sold_0160,19,0.7368421052631579
sold_0161,39,0.7435897435897436
sold_0162,3,0.6666666666666666
sold_0163,30,0.36666666666666664
sold_0164,16,0.5
sold_0165,22,0.7727272727272727
sold_0166,8,0.5
sold_0167,12,0.5
sold_0168,10,0.8
sold_0169,8,0.875
sold_0170,7,0.7142857142857143
sold_0171,6,0.6666666666666666
sold_0172,5,0.4
sold_0173,18,0.8333333333333334
sold_0174,7,0.2857142857142857
sold_0175,10,0.3
sold_0176,4,0.5
sold_0177,14,0.7142857142857143
sold_0178,25,0.6
sold_0179,30,0.6333333333333333
sold_0180,17,0.5294117647058824
sold_0181,12,0.5
sold_0182,18,0.5555555555555556
sold_0183,9,0.7777777777777778
sold_0184,5,0.4
sold_0185,7,0.7142857142857143
sold_0186,45,0.6444444444444445
sold_0187,5,0.4
sold_0188,8,0.5
sold_0189,3,0.3333333333333333
sold_0190,12,0.4166666666666667
sold_0191,7,0.7142857142857143
sold_0192,5,0.2
sold_0193,31,0.6774193548387096
sold_0194,3,0.6666666666666666
sold_0195,3,0.6666666666666666
sold_0196,8,0.5
sold_0197,7,0.8571428571428571
sold_0198,4,0.5
sold_0199,5,0.4
sold_0200,7,1.0
sold_0201,12,0.8333333333333334
sold_0202,16,0.75
sold_0203,9,0.6666666666666666
sold_0204,7,0.8571428571428571
sold_0205,4,0.5
sold_0206,14,0.7142857142857143
sold_0207,31,0.5806451612903226
sold_0208,6,0.5
sold_0209,5,0.6
sold_0210,6,0.5
sold_0211,11,0.45454545454545453
sold_0212,43,0.7906976744186046
sold_0213,24,0.5833333333333334
sold_0214,4,0.25
sold_0215,8,0.625
sold_0216,37,0.6216216216216216
sold_0217,9,0.5555555555555556
sold_0218,9,0.6666666666666666
sold_0219,4,0.75
sold_0220,13,0.46153846153846156
sold_0221,10,0.4
sold_0222,10,0.5
sold_0223,28,0.6071428571428571
sold_0224,16,0.6875
sold_0225,51,0.5294117647058824
sold_0226,15,0.3333333333333333
sold_0227,6,0.6666666666666666
sold_0228,6,0.6666666666666666
sold_0229,6,0.3333333333333333
sold_0230,13,0.46153846153846156
sold_0231,11,0.5454545454545454
sold_0232,16,0.625
sold_0233,9,0.7777777777777778
sold_0234,13,0.8461538461538461
sold_0235,21,0.6666666666666666
sold_0236,5,0.6
sold_0237,2,0.0
sold_0238,40,0.525
sold_0239,15,0.7333333333333333
sold_0240,4,0.0
sold_0241,12,0.6666666666666666
sold_0242,5,0.4
sold_0243,48,0.75
sold_0244,12,0.4166666666666667
sold_0245,14,0.42857142857142855
sold_0246,6,0.8333333333333334
sold_0247,60,0.6666666666666666
sold_0248,6,0.3333333333333333
sold_0249,6,0.8333333333333334
sold_0250,9,0.5555555555555556
sold_0251,35,0.6285714285714286
sold_0252,19,0.631578947368421
sold_0253,8,0.5
sold_0254,13,0.3076923076923077
sold_0255,6,0.3333333333333333
sold_0256,14,0.2857142857142857
sold_0257,5,0.6
sold_0258,9,0.6666666666666666
sold_0259,3,1.0
sold_0260,43,0.5581395348837209
sold_0261,36,0.6944444444444444
sold_0262,16,0.5625
sold_0263,28,0.5714285714285714
sold_0264,7,0.5714285714285714
sold_0265,8,0.5
sold_0266,13,0.6153846153846154
sold_0267,17,0.6470588235294118
sold_0268,31,0.5806451612903226
sold_0269,15,0.6
sold_0270,13,0.8461538461538461
sold_0271,3,0.3333333333333333
sold_0272,11,0.45454545454545453
sold_0273,15,0.8
sold_0274,11,0.36363636363636365
sold_0275,19,0.7368421052631579
sold_0276,12,0.5833333333333334
sold_0277,4,0.5
sold_0278,15,0.8
sold_0279,8,0.75
sold_0280,15,0.4
sold_0281,11,0.6363636363636364
sold_0282,26,0.34615384615384615
sold_0283,31,0.6451612903225806
sold_0284,6,0.16666666666666666
sold_0285,2,0.5
sold_0286,19,0.5789473684210527
sold_0287,6,0.8333333333333334
sold_0288,4,0.75
sold_0289,4,0.5
sold_0290,28,0.6785714285714286
sold_0291,34,0.6764705882352942
sold_0292,10,0.8
sold_0293,11,0.6363636363636364
sold_0294,12,0.4166666666666667
sold_0295,34,0.7058823529411765
sold_0296,6,0.5
sold_0297,29,0.4482758620689655
sold_0298,37,0.7027027027027027
sold_0299,10,0.3
sold_0300,6,1.0
sold_0301,13,0.46153846153846156
sold_0302,16,0.5625
sold_0303,19,0.8947368421052632
sold_0304,5,0.2
sold_0305,19,0.7368421052631579
sold_0306,5,1.0
sold_0307,22,0.8636363636363636
sold_0308,18,0.6666666666666666
sold_0309,4,1.0
sold_0310,31,0.6451612903225806
sold_0311,15,0.4666666666666667
sold_0312,2,0.0
sold_0313,10,0.4
sold_0314,9,0.4444444444444444
sold_0315,43,0.6046511627906976
sold_0316,20,0.6
sold_0317,5,0.6
sold_0318,12,0.75
sold_0319,13,0.8461538461538461
sold_0320,6,0.5
sold_0321,9,0.6666666666666666
sold_0322,8,0.625
sold_0323,18,0.8333333333333334
sold_0324,7,0.2857142857142857
sold_0325,7,0.42857142857142855
sold_0326,10,0.8
sold_0327,20,0.5
sold_0328,40,0.625
sold_0329,49,0.7346938775510204
sold_0330,5,1.0
sold_0331,11,0.2727272727272727
sold_0332,11,0.5454545454545454
sold_0333,5,0.4
sold_0334,6,0.8333333333333334
sold_0335,21,0.8095238095238095
sold_0336,3,0.6666666666666666
sold_0337,18,0.5555555555555556
sold_0338,16,0.625
sold_0339,8,0.75
sold_0340,19,0.5789473684210527
sold_0341,33,0.5151515151515151
sold_0342,11,0.7272727272727273
sold_0343,16,0.375
sold_0344,28,0.6071428571428571
sold_0345,14,0.5714285714285714
sold_0346,22,0.45454545454545453
sold_0347,5,0.8
sold_0348,17,0.5294117647058824
sold_0349,47,0.574468085106383
sold_0350,12,0.3333333333333333
sold_0351,7,0.8571428571428571
sold_0352,36,0.6944444444444444
sold_0353,5,0.6
sold_0354,9,0.5555555555555556
sold_0355,10,0.3
sold_0356,8,0.875
sold_0357,4,0.75
sold_0358,17,0.5294117647058824
sold_0359,8,0.75
sold_0360,23,0.7391304347826086
sold_0361,25,0.32
sold_0362,19,0.5789473684210527
sold_0363,17,0.8235294117647058
sold_0364,14,0.5714285714285714
sold_0365,46,0.6521739130434783
sold_0366,3,0.6666666666666666
sold_0367,10,0.9
sold_0368,12,0.3333333333333333
sold_0369,4,0.5
sold_0370,4,0.75
sold_0371,77,0.5844155844155844
sold_0372,3,0.3333333333333333
sold_0373,44,0.5227272727272727
sold_0374,5,1.0
sold_0375,8,0.625
sold_0376,3,0.6666666666666666
sold_0377,7,0.5714285714285714
sold_0378,41,0.4634146341463415
sold_0379,13,0.5384615384615384
sold_0380,6,0.5
sold_0381,16,0.5625
sold_0382,3,0.6666666666666666
sold_0383,46,0.5652173913043478
sold_0384,11,0.5454545454545454
sold_0385,16,0.625
sold_0386,9,0.2222222222222222
sold_0387,35,0.5714285714285714
sold_0388,17,0.6470588235294118
sold_0389,14,0.5
sold_0390,18,0.7777777777777778
sold_0391,17,0.6470588235294118
sold_0392,4,0.5
sold_0393,8,0.375
sold_0394,13,0.6153846153846154
sold_0395,17,0.5882352941176471
sold_0396,7,0.2857142857142857
sold_0397,7,0.42857142857142855
sold_0398,12,0.6666666666666666
sold_0399,13,0.5384615384615384
sold_0400,12,0.6666666666666666
sold_0401,7,0.42857142857142855
sold_0402,20,0.75
sold_0403,4,0.75
sold_0404,8,0.5
sold_0405,10,0.6
sold_0406,29,0.5862068965517241
sold_0407,21,0.7619047619047619
sold_0408,16,0.4375
sold_0409,15,0.4
sold_0410,9,0.6666666666666666
sold_0411,18,0.6111111111111112
sold_0412,22,0.5909090909090909
sold_0413,7,0.2857142857142857
sold_0414,7,1.0
sold_0415,10,0.5
sold_0416,5,0.8
sold_0417,6,0.5
sold_0418,24,0.5416666666666666
sold_0419,12,0.4166666666666667
sold_0420,21,0.6190476190476191
sold_0421,19,0.6842105263157895
sold_0422,29,0.5517241379310345
sold_0423,22,0.6818181818181818
sold_0424,24,0.5833333333333334
sold_0425,21,0.8571428571428571
sold_0426,19,0.7368421052631579
sold_0427,8,0.375
sold_0428,20,0.45
sold_0429,33,0.48484848484848486
sold_0430,7,0.2857142857142857
sold_0431,15,0.2
sold_0432,39,0.717948717948718
sold_0433,5,0.8
sold_0434,6,0.3333333333333333
sold_0435,9,0.8888888888888888
sold_0436,6,0.8333333333333334
sold_0437,9,0.3333333333333333
sold_0438,13,0.6923076923076923
sold_0439,19,0.5263157894736842
sold_0440,12,0.6666666666666666
sold_0441,7,0.7142857142857143
sold_0442,35,0.6571428571428571
sold_0443,24,0.3333333333333333
sold_0444,17,0.47058823529411764
sold_0445,9,0.7777777777777778
sold_0446,2,0.5
sold_0447,22,0.3181818181818182
sold_0448,16,0.625
sold_0449,4,1.0
sold_0450,29,0.6206896551724138
sold_0451,8,0.375
sold_0452,15,0.4
sold_0453,14,0.9285714285714286
sold_0454,14,0.5714285714285714
sold_0455,21,0.7142857142857143
sold_0456,25,0.64
sold_0457,15,0.5333333333333333
sold_0458,9,0.8888888888888888
sold_0459,8,0.5
sold_0460,15,0.5333333333333333
sold_0461,31,0.45161290322580644
sold_0462,31,0.5483870967741935
sold_0463,2,0.5
sold_0464,14,0.5714285714285714
sold_0465,12,0.3333333333333333
sold_0466,28,0.5357142857142857
sold_0467,5,0.6
sold_0468,6,0.5
sold_0469,9,0.8888888888888888
sold_0470,13,0.6923076923076923
sold_0471,5,0.6
sold_0472,4,0.75
sold_0473,38,0.39473684210526316
sold_0474,16,0.75
sold_0475,6,0.8333333333333334
sold_0476,16,0.75
sold_0477,35,0.5714285714285714
sold_0478,5,0.6
sold_0479,22,0.5909090909090909
sold_0480,18,0.6111111111111112
sold_0481,4,0.5
sold_0482,7,0.5714285714285714
sold_0483,11,0.5454545454545454
sold_0484,8,0.375
sold_0485,11,0.45454545454545453
sold_0486,12,0.6666666666666666
sold_0487,4,0.5
sold_0488,18,0.7222222222222222
sold_0489,5,0.6
sold_0490,31,0.4838709677419355
sold_0491,6,0.5
sold_0492,6,1.0
sold_0493,26,0.5769230769230769
sold_0494,6,0.8333333333333334
sold_0495,7,0.7142857142857143
sold_0496,16,0.4375
sold_0497,4,0.5
sold_0498,6,1.0
sold_0499,31,0.41935483870967744
sold_0500,19,0.5789473684210527
sold_0501,14,0.7857142857142857
sold_0502,4,1.0
sold_0503,7,0.2857142857142857
sold_0504,6,0.8333333333333334
sold_0505,3,0.3333333333333333
sold_0506,10,0.7
sold_0507,11,0.45454545454545453
sold_0508,24,0.5416666666666666
sold_0509,7,0.7142857142857143
sold_0510,5,0.6
sold_0511,4,0.25
sold_0512,9,0.5555555555555556
sold_0513,7,0.8571428571428571
sold_0514,17,0.7647058823529411
sold_0515,33,0.7272727272727273
sold_0516,2,0.5
sold_0517,12,0.75
sold_0518,5,1.0
sold_0519,14,0.7857142857142857
sold_0520,18,0.6666666666666666
sold_0521,12,0.6666666666666666
sold_0522,7,0.5714285714285714
sold_0523,5,0.6
sold_0524,9,0.8888888888888888
sold_0525,5,0.8
sold_0526,17,0.7058823529411765
sold_0527,10,0.7
sold_0528,3,1.0
sold_0529,9,0.5555555555555556
sold_0530,18,0.5
sold_0531,6,0.6666666666666666
sold_0532,20,0.6
sold_0533,30,0.5333333333333333
sold_0534,11,0.8181818181818182
sold_0535,6,0.6666666666666666
sold_0536,10,0.9
sold_0537,6,0.16666666666666666
sold_0538,33,0.7575757575757576
sold_0539,16,0.6875
sold_0540,5,1.0
sold_0541,26,0.6538461538461539
sold_0542,13,0.6153846153846154
sold_0543,30,0.5333333333333333
sold_0544,9,0.6666666666666666
sold_0545,22,0.5454545454545454
sold_0546,6,0.5
sold_0547,22,0.6363636363636364
sold_0548,24,0.5833333333333334
sold_0549,8,0.625
sold_0550,3,0.0
sold_0551,8,0.625
sold_0552,25,0.64
sold_0553,15,0.6
sold_0554,3,0.6666666666666666
sold_0555,12,0.4166666666666667
sold_0556,8,0.625
sold_0557,7,0.2857142857142857
sold_0558,6,0.3333333333333333
sold_0559,34,0.5
sold_0560,46,0.6304347826086957
sold_0561,7,0.2857142857142857
sold_0562,6,0.3333333333333333
sold_0563,22,0.7272727272727273
sold_0564,31,0.3870967741935484
sold_0565,21,0.47619047619047616
sold_0566,4,0.5
sold_0567,4,0.5
sold_0568,10,0.6
sold_0569,8,0.5
sold_0570,25,0.56
sold_0571,19,0.6842105263157895
sold_0572,18,0.2777777777777778
sold_0573,6,0.6666666666666666
sold_0574,9,0.7777777777777778
sold_0575,6,0.5
sold_0576,8,0.375
sold_0577,12,0.8333333333333334
sold_0578,2,0.0
sold_0579,8,0.5
sold_0580,31,0.4838709677419355
sold_0581,29,0.5862068965517241
sold_0582,5,0.6
sold_0583,7,0.8571428571428571
sold_0584,9,0.5555555555555556
sold_0585,6,0.5
sold_0586,33,0.6060606060606061
sold_0587,17,0.5882352941176471
sold_0588,12,0.5833333333333334
sold_0589,10,0.7
sold_0590,6,0.5
sold_0591,23,0.5652173913043478
sold_0592,11,0.5454545454545454
sold_0593,14,0.7142857142857143
sold_0594,39,0.6153846153846154
sold_0595,43,0.6511627906976745
sold_0596,19,0.631578947368421
sold_0597,12,0.6666666666666666
sold_0598,6,0.6666666666666666
sold_0599,0,
sold_0600,16,0.8125
sold_0601,38,0.5526315789473685
sold_0602,6,0.6666666666666666
sold_0603,22,0.6363636363636364
sold_0604,12,0.6666666666666666
sold_0605,24,0.5
sold_0606,25,0.4
sold_0607,5,0.6
sold_0608,3,1.0
sold_0609,33,0.6363636363636364
sold_0610,60,0.5666666666666667
sold_0611,23,0.34782608695652173
sold_0612,28,0.75
sold_0613,5,0.6
sold_0614,67,0.5970149253731343
sold_0615,20,0.5
sold_0616,9,0.4444444444444444
sold_0617,31,0.4838709677419355
sold_0618,17,0.6470588235294118
sold_0619,46,0.6956521739130435
sold_0620,7,0.7142857142857143
sold_0621,4,0.75
sold_0622,2,0.0
sold_0623,19,0.3684210526315789
sold_0624,20,0.55
sold_0625,18,0.5
sold_0626,39,0.5641025641025641
sold_0627,11,0.6363636363636364
sold_0628,21,0.6190476190476191
sold_0629,12,0.6666666666666666
sold_0630,7,0.8571428571428571
sold_0631,37,0.5405405405405406
sold_0632,30,0.6666666666666666
sold_0633,4,0.75
sold_0634,6,0.6666666666666666
sold_0635,25,0.64
sold_0636,8,0.875
sold_0637,7,0.7142857142857143
sold_0638,11,0.8181818181818182
sold_0639,9,0.8888888888888888
sold_0640,15,0.6
sold_0641,26,0.6153846153846154
sold_0642,11,0.6363636363636364
sold_0643,11,0.2727272727272727
sold_0644,12,0.6666666666666666
sold_0645,12,0.6666666666666666
sold_0646,10,0.5
sold_0647,7,0.42857142857142855
sold_0648,26,0.6153846153846154
sold_0649,15,0.8666666666666667
sold_0650,8,0.5
sold_0651,5,0.8
sold_0652,4,0.5
sold_0653,8,0.375
sold_0654,7,0.8571428571428571
sold_0655,9,0.6666666666666666
sold_0656,6,0.3333333333333333
sold_0657,4,0.75
sold_0658,6,1.0
sold_0659,6,0.5
sold_0660,12,0.5833333333333334
sold_0661,27,0.5185185185185185
sold_0662,45,0.7777777777777778
sold_0663,6,0.3333333333333333
sold_0664,1,1.0
sold_0665,10,0.3
sold_0666,10,0.6
sold_0667,12,0.3333333333333333
sold_0668,33,0.6060606060606061
sold_0669,40,0.675
sold_0670,24,0.6666666666666666
sold_0671,4,0.25
sold_0672,44,0.5681818181818182
sold_0673,5,0.8
sold_0674,9,0.7777777777777778
sold_0675,4,0.0
sold_0676,17,0.4117647058823529
sold_0677,38,0.5789473684210527
sold_0678,11,0.36363636363636365
sold_0679,4,0.0
sold_0680,32,0.5625
sold_0681,6,0.6666666666666666
sold_0682,14,0.8571428571428571
sold_0683,37,0.6756756756756757
sold_0684,10,0.6
sold_0685,8,0.25
sold_0686,4,0.5
sold_0687,13,0.38461538461538464
sold_0688,15,0.7333333333333333
sold_0689,14,0.5
sold_0690,12,0.5
sold_0691,4,0.75
sold_0692,13,0.38461538461538464
sold_0693,30,0.5333333333333333
sold_0694,44,0.6590909090909091
sold_0695,11,0.5454545454545454
sold_0696,17,0.5294117647058824
sold_0697,3,1.0
sold_0698,13,0.5384615384615384
sold_0699,13,0.6923076923076923
sold_0700,25,0.68
sold_0701,4,1.0
sold_0702,14,0.8571428571428571
sold_0703,44,0.6590909090909091
sold_0704,17,0.7058823529411765
sold_0705,3,0.3333333333333333
sold_0706,5,0.6
sold_0707,7,0.5714285714285714
sold_0708,35,0.5142857142857142
sold_0709,7,0.8571428571428571
sold_0710,14,0.5
sold_0711,11,0.36363636363636365
sold_0712,14,0.6428571428571429
sold_0713,9,0.4444444444444444
sold_0714,7,0.8571428571428571
sold_0715,4,0.5
sold_0716,4,0.0
sold_0717,9,0.5555555555555556
sold_0718,20,0.55
sold_0719,26,0.7307692307692307
sold_0720,5,1.0
sold_0721,4,0.75
sold_0722,6,0.5
sold_0723,20,0.8
sold_0724,12,0.5833333333333334
sold_0725,10,0.4
sold_0726,31,0.5483870967741935
sold_0727,9,0.2222222222222222
sold_0728,21,0.5714285714285714
sold_0729,14,0.5714285714285714
sold_0730,18,0.5
sold_0731,4,1.0
sold_0732,15,0.6
sold_0733,4,0.5
sold_0734,14,0.7142857142857143
sold_0735,33,0.6060606060606061
sold_0736,29,0.5862068965517241
sold_0737,16,0.6875
sold_0738,6,0.5
sold_0739,11,0.6363636363636364
sold_0740,15,0.5333333333333333
sold_0741,40,0.6
sold_0742,9,0.6666666666666666
sold_0743,5,0.4
sold_0744,36,0.6388888888888888
sold_0745,26,0.6153846153846154
sold_0746,3,0.6666666666666666
sold_0747,8,0.75
sold_0748,8,0.625
sold_0749,22,0.5454545454545454
sold_0750,20,0.55
sold_0751,25,0.48
sold_0752,8,0.625
sold_0753,44,0.7045454545454546
sold_0754,8,0.625
sold_0755,7,0.14285714285714285
sold_0756,12,0.4166666666666667
sold_0757,51,0.7058823529411765
sold_0758,13,0.46153846153846156
sold_0759,18,0.8333333333333334
sold_0760,5,0.6
sold_0761,18,0.5
sold_0762,9,0.6666666666666666
sold_0763,15,0.6
sold_0764,10,0.4
sold_0765,4,0.25
sold_0766,10,0.7
sold_0767,9,0.5555555555555556
sold_0768,8,0.5
sold_0769,40,0.6
sold_0770,13,0.6153846153846154
sold_0771,7,0.7142857142857143
sold_0772,17,0.5882352941176471
sold_0773,33,0.48484848484848486
sold_0774,39,0.48717948717948717
sold_0775,16,0.6875
sold_0776,20,0.65
sold_0777,10,0.6
sold_0778,3,0.6666666666666666
sold_0779,6,0.6666666666666666
sold_0780,21,0.5238095238095238
sold_0781,35,0.4857142857142857
sold_0782,30,0.6666666666666666
sold_0783,9,0.7777777777777778
sold_0784,3,1.0
sold_0785,17,0.5294117647058824
sold_0786,26,0.46153846153846156
sold_0787,10,0.5
sold_0788,12,0.5
sold_0789,19,0.5789473684210527
sold_0790,7,0.2857142857142857
sold_0791,10,0.6
sold_0792,15,0.6666666666666666
sold_0793,8,0.25
sold_0794,4,0.75
sold_0795,3,0.6666666666666666
sold_0796,27,0.5185185185185185
sold_0797,11,0.8181818181818182
sold_0798,6,0.5
sold_0799,10,0.8
sold_0800,25,0.56
sold_0801,4,0.25
sold_0802,14,0.5
sold_0803,26,0.46153846153846156
sold_0804,16,0.5
sold_0805,72,0.6111111111111112
sold_0806,8,0.5
sold_0807,10,0.6
sold_0808,27,0.7037037037037037
sold_0809,14,0.5714285714285714
sold_0810,11,0.7272727272727273
sold_0811,21,0.5714285714285714
sold_0812,35,0.6571428571428571
sold_0813,4,0.0
sold_0814,20,0.7
sold_0815,58,0.6379310344827587
sold_0816,17,0.29411764705882354
sold_0817,14,0.42857142857142855
sold_0818,9,0.7777777777777778
sold_0819,39,0.8461538461538461
sold_0820,6,0.5
sold_0821,5,0.8
sold_0822,10,0.5
sold_0823,12,0.8333333333333334
sold_0824,11,0.36363636363636365
sold_0825,17,0.35294117647058826
sold_0826,18,0.6111111111111112
sold_0827,19,0.631578947368421
sold_0828,6,0.3333333333333333
sold_0829,25,0.68
sold_0830,17,0.6470588235294118
sold_0831,29,0.41379310344827586
sold_0832,6,0.8333333333333334
sold_0833,29,0.5172413793103449
sold_0834,45,0.6888888888888889
sold_0835,7,0.8571428571428571
sold_0836,6,0.6666666666666666
sold_0837,18,0.6666666666666666
sold_0838,22,0.7727272727272727
sold_0839,36,0.5555555555555556
sold_0840,14,0.6428571428571429
sold_0841,1,0.0
sold_0842,3,0.3333333333333333
sold_0843,19,0.5263157894736842
sold_0844,19,0.631578947368421
sold_0845,17,0.7058823529411765
sold_0846,3,0.3333333333333333
sold_0847,5,0.8
sold_0848,2,1.0
sold_0849,42,0.7380952380952381
sold_0850,38,0.631578947368421
sold_0851,9,0.1111111111111111
sold_0852,24,0.375
sold_0853,3,0.6666666666666666
sold_0854,6,0.5
sold_0855,9,0.6666666666666666
sold_0856,8,0.875
sold_0857,18,0.6666666666666666
sold_0858,4,0.25
sold_0859,13,0.46153846153846156
sold_0860,3,0.0
sold_0861,11,0.6363636363636364
sold_0862,19,0.7368421052631579
sold_0863,9,0.4444444444444444
sold_0864,5,0.4
sold_0865,12,0.5833333333333334
sold_0866,3,0.3333333333333333
sold_0867,15,0.6
sold_0868,33,0.3939393939393939
sold_0869,15,0.4
sold_0870,6,0.5
sold_0871,39,0.6666666666666666
sold_0872,9,0.6666666666666666
sold_0873,39,0.5384615384615384
sold_0874,15,0.6666666666666666
sold_0875,15,0.3333333333333333
sold_0876,8,0.5
sold_0877,4,0.75
sold_0878,10,0.3
sold_0879,35,0.45714285714285713
sold_0880,15,0.8
sold_0881,10,0.8
sold_0882,43,0.7441860465116279
sold_0883,12,0.5
sold_0884,8,0.375
sold_0885,20,0.55
sold_0886,9,0.4444444444444444
sold_0887,10,0.6
sold_0888,8,0.625
sold_0889,36,0.6666666666666666
sold_0890,24,0.3333333333333333
sold_0891,34,0.6764705882352942
sold_0892,29,0.7241379310344828
sold_0893,10,0.7
sold_0894,15,0.5333333333333333
sold_0895,44,0.4318181818181818
sold_0896,18,0.3888888888888889
sold_0897,8,0.5
sold_0898,14,0.5714285714285714
sold_0899,9,0.7777777777777778
sold_0900,14,0.5714285714285714
sold_0901,22,0.8636363636363636
sold_0902,21,0.6190476190476191
sold_0903,3,0.6666666666666666
sold_0904,17,0.5882352941176471
sold_0905,7,0.14285714285714285
sold_0906,1,1.0
sold_0907,9,0.4444444444444444
sold_0908,11,0.2727272727272727
sold_0909,12,0.75
sold_0910,8,0.875
sold_0911,9,0.6666666666666666
sold_0912,15,0.26666666666666666
sold_0913,17,0.7647058823529411
sold_0914,11,0.5454545454545454
sold_0915,13,0.6153846153846154
sold_0916,10,0.6
sold_0917,3,0.3333333333333333
sold_0918,19,0.5263157894736842
sold_0919,24,0.4166666666666667
sold_0920,6,0.5
sold_0921,48,0.75
sold_0922,35,0.45714285714285713
sold_0923,7,0.42857142857142855
sold_0924,68,0.7941176470588235
sold_0925,33,0.6060606060606061
sold_0926,4,1.0
sold_0927,10,0.6
sold_0928,28,0.5714285714285714
sold_0929,30,0.6
sold_0930,30,0.6666666666666666
sold_0931,5,1.0
sold_0932,11,0.6363636363636364
sold_0933,7,0.42857142857142855
sold_0934,5,0.4
sold_0935,21,0.42857142857142855
sold_0936,8,0.75
sold_0937,38,0.5789473684210527
sold_0938,9,0.6666666666666666
sold_0939,4,1.0
sold_0940,16,0.75
sold_0941,16,0.5625
sold_0942,4,0.25
sold_0943,21,0.6190476190476191
sold_0944,3,0.3333333333333333
sold_0945,35,0.6857142857142857
sold_0946,5,1.0
sold_0947,6,0.6666666666666666
sold_0948,42,0.7619047619047619
sold_0949,15,0.2
sold_0950,9,0.7777777777777778
sold_0951,8,0.75
sold_0952,18,0.6111111111111112
sold_0953,23,0.6956521739130435
sold_0954,5,0.6
sold_0955,14,0.5714285714285714
sold_0956,17,0.6470588235294118
sold_0957,4,0.25
sold_0958,4,0.5
sold_0959,31,0.6129032258064516
sold_0960,3,0.0
sold_0961,12,0.6666666666666666
sold_0962,34,0.6176470588235294
sold_0963,4,0.75
sold_0964,4,0.25
sold_0965,9,0.7777777777777778
sold_0966,7,0.5714285714285714
sold_0967,17,0.5294117647058824
sold_0968,26,0.5
sold_0969,24,0.5
sold_0970,3,0.3333333333333333
sold_0971,5,0.4
sold_0972,3,0.6666666666666666
sold_0973,34,0.5882352941176471
sold_0974,10,0.8
sold_0975,15,0.6
sold_0976,23,0.5217391304347826
sold_0977,12,0.5833333333333334
sold_0978,10,0.5
sold_0979,4,0.25
sold_0980,14,0.6428571428571429
sold_0981,4,0.25
sold_0982,11,0.5454545454545454
sold_0983,11,0.45454545454545453
sold_0984,24,0.7083333333333334
sold_0985,2,1.0
sold_0986,15,0.5333333333333333
sold_0987,66,0.4696969696969697
sold_0988,5,0.4
sold_0989,6,0.6666666666666666
sold_0990,3,0.3333333333333333
sold_0991,4,0.75
sold_0992,9,0.4444444444444444
sold_0993,15,0.5333333333333333
sold_0994,14,0.5714285714285714
sold_0995,11,0.6363636363636364
sold_0996,9,0.5555555555555556
sold_0997,21,0.9523809523809523
sold_0998,2,0.0
sold_0999,6,0.3333333333333333
sold_1000,18,0.4444444444444444
sold_1001,11,0.5454545454545454
sold_1002,39,0.6410256410256411
sold_1003,4,0.5
sold_1004,11,0.45454545454545453
sold_1005,36,0.5
sold_1006,6,0.3333333333333333
sold_1007,25,0.68
sold_1008,4,0.25
sold_1009,5,0.6
sold_1010,24,0.625
sold_1011,9,0.4444444444444444
sold_1012,31,0.7741935483870968
sold_1013,7,0.7142857142857143
sold_1014,18,0.7222222222222222
sold_1015,14,0.6428571428571429
sold_1016,6,0.8333333333333334
sold_1017,14,0.6428571428571429
sold_1018,6,0.6666666666666666
sold_1019,5,0.4
sold_1020,4,0.75
sold_1021,3,0.6666666666666666
sold_1022,0,
sold_1023,19,0.42105263157894735
sold_1024,8,1.0
sold_1025,9,0.6666666666666666
sold_1026,12,0.5
sold_1027,31,0.5161290322580645
sold_1028,33,0.6363636363636364
sold_1029,16,0.6875
sold_1030,2,0.5
sold_1031,11,0.45454545454545453
sold_1032,13,0.7692307692307693
sold_1033,2,1.0
sold_1034,9,0.6666666666666666
sold_1035,12,0.5
sold_1036,6,0.6666666666666666
sold_1037,5,0.6
sold_1038,9,0.5555555555555556
sold_1039,21,0.38095238095238093
sold_1040,9,0.7777777777777778
sold_1041,7,0.7142857142857143
sold_1042,36,0.6388888888888888
sold_1043,10,0.5
sold_1044,10,0.5
sold_1045,5,0.8
sold_1046,24,0.7083333333333334
sold_1047,20,0.5
sold_1048,24,0.4583333333333333
sold_1049,4,0.5
sold_1050,4,0.0
sold_1051,19,0.47368421052631576
sold_1052,38,0.6052631578947368
sold_1053,7,0.8571428571428571
sold_1054,7,0.42857142857142855
sold_1055,19,0.47368421052631576
sold_1056,41,0.5365853658536586
sold_1057,25,0.64
sold_1058,24,0.4583333333333333
sold_1059,39,0.48717948717948717
sold_1060,8,0.625
sold_1061,6,0.8333333333333334
sold_1062,7,0.7142857142857143
sold_1063,27,0.7407407407407407
sold_1064,11,0.7272727272727273
sold_1065,6,0.5
sold_1066,11,0.7272727272727273
sold_1067,6,0.16666666666666666
sold_1068,34,0.7941176470588235
sold_1069,27,0.5925925925925926
sold_1070,6,0.6666666666666666
sold_1071,25,0.44
sold_1072,38,0.5526315789473685
sold_1073,8,0.625
sold_1074,10,0.8
sold_1075,40,0.575
sold_1076,9,0.7777777777777778
sold_1077,3,0.3333333333333333
sold_1078,14,0.5
sold_1079,19,0.6842105263157895
sold_1080,13,0.8461538461538461
sold_1081,40,0.55
sold_1082,9,0.5555555555555556
sold_1083,5,0.6
sold_1084,23,0.7391304347826086
sold_1085,7,0.7142857142857143
sold_1086,42,0.5476190476190477
sold_1087,16,0.5
sold_1088,34,0.5
sold_1089,3,1.0
sold_1090,19,0.5263157894736842
sold_1091,11,0.5454545454545454
sold_1092,6,0.6666666666666666
sold_1093,6,1.0
sold_1094,6,0.6666666666666666
sold_1095,11,0.36363636363636365
sold_1096,41,0.5609756097560976
sold_1097,5,0.6
sold_1098,6,0.8333333333333334
sold_1099,5,0.4
sold_1100,28,0.6785714285714286
sold_1101,13,0.6153846153846154
sold_1102,15,0.5333333333333333
sold_1103,10,0.8
sold_1104,20,0.45
sold_1105,36,0.6388888888888888
sold_1106,27,0.8148148148148148
sold_1107,43,0.4418604651162791
sold_1108,16,0.625
sold_1109,11,0.45454545454545453
sold_1110,18,0.4444444444444444
sold_1111,5,0.6
sold_1112,11,0.5454545454545454
sold_1113,32,0.53125
sold_1114,15,0.6
sold_1115,7,0.7142857142857143
sold_1116,7,0.42857142857142855
sold_1117,12,0.5833333333333334
sold_1118,8,0.875
sold_1119,14,0.42857142857142855
sold_1120,18,0.3888888888888889
sold_1121,18,0.6111111111111112
sold_1122,4,0.5
sold_1123,4,0.75
sold_1124,28,0.5
sold_1125,7,0.7142857142857143
sold_1126,24,0.75
sold_1127,24,0.5
sold_1128,16,0.5
sold_1129,20,0.5
sold_1130,25,0.64
sold_1131,35,0.6
sold_1132,9,0.5555555555555556
sold_1133,5,0.0
sold_1134,31,0.5161290322580645
sold_1135,17,0.4117647058823529
sold_1136,8,0.625
sold_1137,5,0.2
sold_1138,3,0.3333333333333333
sold_1139,5,0.4
sold_1140,9,0.7777777777777778
sold_1141,6,0.3333333333333333
sold_1142,32,0.5625
sold_1143,7,0.42857142857142855
sold_1144,13,0.38461538461538464
sold_1145,12,0.5
sold_1146,35,0.5428571428571428
sold_1147,17,0.7058823529411765
sold_1148,5,0.8
sold_1149,10,0.7
sold_1150,4,1.0
sold_1151,41,0.5365853658536586
sold_1152,3,0.6666666666666666
sold_1153,36,0.4722222222222222
sold_1154,20,0.5
sold_1155,18,0.6111111111111112
sold_1156,35,0.5142857142857142
sold_1157,11,0.36363636363636365
sold_1158,14,0.5
sold_1159,36,0.4444444444444444
sold_1160,4,0.75
sold_1161,4,1.0
sold_1162,46,0.5652173913043478
sold_1163,15,0.4
sold_1164,24,0.5
sold_1165,24,0.75
sold_1166,11,0.8181818181818182
sold_1167,25,0.48
sold_1168,5,0.6
sold_1169,13,0.46153846153846156
sold_1170,14,0.8571428571428571
sold_1171,6,0.3333333333333333
sold_1172,5,0.4
sold_1173,9,0.6666666666666666
sold_1174,26,0.5769230769230769
sold_1175,8,0.75
sold_1176,13,0.3076923076923077
sold_1177,23,0.4782608695652174
sold_1178,15,0.8
sold_1179,6,0.5
sold_1180,9,0.6666666666666666
sold_1181,3,0.3333333333333333
sold_1182,6,0.6666666666666666
sold_1183,16,0.75
sold_1184,46,0.43478260869565216
sold_1185,24,0.5416666666666666
sold_1186,29,0.5172413793103449
sold_1187,6,0.8333333333333334
sold_1188,7,0.5714285714285714
sold_1189,25,0.52
sold_1190,3,0.6666666666666666
sold_1191,29,0.5517241379310345
sold_1192,5,0.6
sold_1193,6,0.5
sold_1194,5,0.4
sold_1195,23,0.6956521739130435
sold_1196,14,0.8571428571428571
sold_1197,14,0.6428571428571429
sold_1198,4,0.75
sold_1199,3,0.3333333333333333
sold_1200,34,0.7647058823529411
sold_1201,22,0.6818181818181818
sold_1202,26,0.4230769230769231
sold_1203,32,0.6875
sold_1204,6,0.8333333333333334
sold_1205,18,0.4444444444444444
sold_1206,8,0.5
sold_1207,16,0.8125
sold_1208,11,0.8181818181818182
sold_1209,13,0.5384615384615384
sold_1210,53,0.5283018867924528
sold_1211,17,0.5882352941176471
sold_1212,10,0.5
sold_1213,27,0.6666666666666666
sold_1214,15,0.8
sold_1215,5,0.4
sold_1216,25,0.52
sold_1217,16,0.4375
sold_1218,5,1.0
sold_1219,16,0.75
sold_1220,40,0.525
sold_1221,3,0.3333333333333333
sold_1222,17,0.5294117647058824
sold_1223,11,0.6363636363636364
sold_1224,22,0.7272727272727273
sold_1225,43,0.5348837209302325
sold_1226,7,0.7142857142857143
sold_1227,4,0.75
sold_1228,10,0.8
sold_1229,16,0.625
sold_1230,24,0.5
sold_1231,34,0.5294117647058824
sold_1232,42,0.6904761904761905
sold_1233,22,0.6818181818181818
sold_1234,7,0.5714285714285714
sold_1235,36,0.5833333333333334
sold_1236,18,0.3888888888888889
sold_1237,4,0.75
sold_1238,10,0.5
sold_1239,5,1.0
sold_1240,35,0.4857142857142857
sold_1241,15,0.7333333333333333
sold_1242,4,0.75
sold_1243,26,0.6538461538461539
sold_1244,31,0.5806451612903226
sold_1245,5,1.0
sold_1246,31,0.45161290322580644
sold_1247,47,0.7021276595744681
sold_1248,11,0.36363636363636365
sold_1249,13,0.6923076923076923
sold_1250,26,0.5
sold_1251,31,0.6451612903225806
sold_1252,16,0.5625
sold_1253,44,0.5454545454545454
sold_1254,4,1.0
sold_1255,6,0.6666666666666666
sold_1256,8,0.5
sold_1257,8,0.625
sold_1258,16,0.5
sold_1259,15,0.6
sold_1260,12,0.5
sold_1261,19,0.6842105263157895
sold_1262,9,0.6666666666666666
sold_1263,15,0.4666666666666667
sold_1264,7,0.5714285714285714
sold_1265,4,0.5
sold_1266,36,0.5277777777777778
sold_1267,4,0.25
sold_1268,2,1.0
sold_1269,14,0.6428571428571429
sold_1270,7,0.5714285714285714
sold_1271,16,0.625
sold_1272,27,0.5555555555555556
sold_1273,6,0.5
sold_1274,33,0.6060606060606061
sold_1275,19,0.7368421052631579
sold_1276,3,0.6666666666666666
sold_1277,17,0.5882352941176471
sold_1278,5,0.8
sold_1279,11,1.0
sold_1280,9,0.5555555555555556
sold_1281,11,0.8181818181818182
sold_1282,41,0.6341463414634146
sold_1283,14,0.42857142857142855
sold_1284,8,0.75
sold_1285,29,0.6206896551724138
sold_1286,6,0.8333333333333334
sold_1287,13,0.6153846153846154
sold_1288,2,0.5
sold_1289,12,0.75
sold_1290,8,0.25
sold_1291,41,0.4878048780487805
sold_1292,18,0.6666666666666666
sold_1293,9,0.6666666666666666
sold_1294,5,0.2
sold_1295,12,0.5833333333333334
sold_1296,26,0.6923076923076923
sold_1297,7,0.5714285714285714
sold_1298,22,0.6363636363636364
sold_1299,10,0.8
sold_1300,5,0.4
sold_1301,11,0.7272727272727273
sold_1302,6,0.8333333333333334
sold_1303,5,0.8
sold_1304,51,0.5098039215686274
sold_1305,8,0.875
sold_1306,10,0.7
sold_1307,14,0.6428571428571429
sold_1308,34,0.47058823529411764
sold_1309,11,0.7272727272727273
sold_1310,5,0.2
sold_1311,15,0.5333333333333333
sold_1312,16,0.3125
sold_1313,4,0.25
sold_1314,18,0.6666666666666666
sold_1315,10,0.4
sold_1316,12,0.6666666666666666
sold_1317,84,0.5119047619047619
sold_1318,18,0.4444444444444444
sold_1319,13,0.6153846153846154
sold_1320,5,0.4
sold_1321,8,0.625
sold_1322,40,0.625
sold_1323,27,0.6296296296296297
sold_1324,14,0.6428571428571429
sold_1325,7,1.0
sold_1326,11,0.45454545454545453
sold_1327,14,1.0
sold_1328,20,0.85
sold_1329,4,0.5
sold_1330,68,0.5441176470588235
sold_1331,14,0.21428571428571427
sold_1332,12,0.5833333333333334
sold_1333,3,0.6666666666666666
sold_1334,5,1.0
sold_1335,32,0.6875
sold_1336,6,0.3333333333333333
sold_1337,7,0.42857142857142855
sold_1338,4,0.5
sold_1339,10,0.4
sold_1340,7,0.7142857142857143
sold_1341,15,0.5333333333333333
sold_1342,10,0.7
sold_1343,34,0.7647058823529411
sold_1344,11,0.6363636363636364
sold_1345,6,0.6666666666666666
sold_1346,9,0.7777777777777778
sold_1347,30,0.4666666666666667
sold_1348,24,0.7083333333333334
sold_1349,12,0.5
sold_1350,12,0.4166666666666667
sold_1351,5,0.2
sold_1352,18,0.7222222222222222
sold_1353,11,0.7272727272727273
sold_1354,6,0.16666666666666666
sold_1355,41,0.6097560975609756
sold_1356,8,0.75
sold_1357,10,0.7
sold_1358,17,0.6470588235294118
sold_1359,50,0.62
sold_1360,10,0.8
sold_1361,5,1.0
sold_1362,4,0.5
sold_1363,31,0.3548387096774194
sold_1364,38,0.5789473684210527
sold_1365,24,0.5
sold_1366,33,0.5757575757575758
sold_1367,37,0.6216216216216216
sold_1368,16,0.5625
sold_1369,11,0.36363636363636365
sold_1370,19,0.47368421052631576
sold_1371,17,0.8235294117647058
sold_1372,5,0.4
sold_1373,26,0.6923076923076923
sold_1374,29,0.6551724137931034
sold_1375,11,0.45454545454545453
sold_1376,19,0.7894736842105263
sold_1377,4,0.5
sold_1378,40,0.65
sold_1379,13,0.38461538461538464
sold_1380,19,0.5789473684210527
sold_1381,37,0.5675675675675675
sold_1382,14,0.7142857142857143
sold_1383,7,0.7142857142857143
sold_1384,5,1.0
sold_1385,18,0.6111111111111112
sold_1386,9,0.1111111111111111
sold_1387,17,0.5882352941176471
sold_1388,5,0.6
sold_1389,37,0.5945945945945946
sold_1390,3,1.0
sold_1391,4,0.75
sold_1392,18,0.7777777777777778
sold_1393,15,0.6666666666666666
sold_1394,4,0.5
sold_1395,6,0.6666666666666666
sold_1396,20,0.4
sold_1397,5,0.8
sold_1398,6,0.5
sold_1399,12,0.3333333333333333
sold_1400,36,0.5
sold_1401,7,0.8571428571428571
sold_1402,9,0.4444444444444444
sold_1403,15,0.3333333333333333
sold_1404,2,0.5
sold_1405,3,0.0
sold_1406,11,0.18181818181818182
sold_1407,16,0.75
sold_1408,18,0.7222222222222222
sold_1409,4,1.0
sold_1410,6,0.5
sold_1411,14,0.5714285714285714
sold_1412,10,0.6
sold_1413,11,0.45454545454545453
sold_1414,37,0.5405405405405406
sold_1415,15,0.6
sold_1416,8,0.375
sold_1417,23,0.6521739130434783
sold_1418,13,0.6153846153846154
sold_1419,11,0.45454545454545453
sold_1420,16,0.75
sold_1421,20,0.75
sold_1422,6,0.6666666666666666
sold_1423,40,0.575
sold_1424,7,0.5714285714285714
sold_1425,6,0.3333333333333333
sold_1426,9,0.6666666666666666
sold_1427,12,0.5
sold_1428,5,0.4
sold_1429,6,0.5
sold_1430,4,0.75
sold_1431,17,0.7058823529411765
sold_1432,17,0.6470588235294118
sold_1433,8,0.625
sold_1434,6,0.8333333333333334
sold_1435,19,0.5789473684210527
sold_1436,31,0.5806451612903226
sold_1437,20,0.55
sold_1438,20,0.7
sold_1439,6,0.5
sold_1440,41,0.4634146341463415
sold_1441,31,0.4838709677419355
sold_1442,28,0.5357142857142857
sold_1443,8,0.625
sold_1444,22,0.3181818181818182
sold_1445,19,0.631578947368421
sold_1446,5,0.8
sold_1447,3,0.6666666666666666
sold_1448,6,0.5
sold_1449,9,0.6666666666666666
sold_1450,14,0.7857142857142857
sold_1451,5,0.8
sold_1452,29,0.6206896551724138
sold_1453,11,0.5454545454545454
sold_1454,32,0.6875
sold_1455,19,0.631578947368421
sold_1456,24,0.625
sold_1457,16,0.625
sold_1458,38,0.6578947368421053
sold_1459,36,0.5555555555555556
sold_1460,5,1.0
sold_1461,24,0.4583333333333333
sold_1462,5,0.8
sold_1463,6,0.5
sold_1464,6,0.6666666666666666
sold_1465,18,0.6111111111111112
sold_1466,13,0.6923076923076923
sold_1467,12,0.6666666666666666
sold_1468,3,0.6666666666666666
sold_1469,37,0.5945945945945946
sold_1470,3,0.6666666666666666
sold_1471,34,0.6176470588235294
sold_1472,21,0.6666666666666666
sold_1473,21,0.5238095238095238
sold_1474,12,0.3333333333333333
sold_1475,7,0.5714285714285714
sold_1476,19,0.8421052631578947
sold_1477,8,0.625
sold_1478,9,0.4444444444444444
sold_1479,10,0.6
sold_1480,33,0.696969696969697
sold_1481,36,0.5555555555555556
sold_1482,26,0.5384615384615384
sold_1483,6,0.6666666666666666
sold_1484,4,0.5
sold_1485,6,0.5
sold_1486,26,0.3076923076923077
sold_1487,40,0.525
sold_1488,8,0.5
sold_1489,5,0.8
sold_1490,27,0.5925925925925926
sold_1491,2,1.0
sold_1492,37,0.6486486486486487
sold_1493,13,0.6153846153846154
sold_1494,1,1.0
sold_1495,8,0.625
sold_1496,52,0.5384615384615384
sold_1497,15,0.5333333333333333
sold_1498,15,0.4
sold_1499,2,0.5
sold_1500,9,0.4444444444444444
sold_1501,6,0.8333333333333334
sold_1502,15,0.5333333333333333
sold_1503,7,0.42857142857142855
sold_1504,35,0.6285714285714286
sold_1505,10,0.4
sold_1506,18,0.6111111111111112
sold_1507,16,0.5625
sold_1508,4,0.75
sold_1509,35,0.45714285714285713
sold_1510,6,0.5
sold_1511,11,0.8181818181818182
sold_1512,15,0.4666666666666667
sold_1513,13,0.46153846153846156
sold_1514,11,0.5454545454545454
sold_1515,40,0.625
sold_1516,10,0.6
sold_1517,5,0.8
sold_1518,19,0.631578947368421
sold_1519,7,0.42857142857142855
sold_1520,28,0.5714285714285714
sold_1521,17,0.7058823529411765
sold_1522,18,0.8333333333333334
sold_1523,6,0.5
sold_1524,12,0.3333333333333333
sold_1525,42,0.5476190476190477
sold_1526,14,0.6428571428571429
sold_1527,49,0.5102040816326531
sold_1528,17,0.5882352941176471
sold_1529,10,0.7
sold_1530,9,0.4444444444444444
sold_1531,3,0.6666666666666666
sold_1532,5,0.8
sold_1533,11,0.9090909090909091
sold_1534,7,0.7142857142857143
sold_1535,14,0.5
sold_1536,6,0.0
sold_1537,18,0.6111111111111112
sold_1538,37,0.6486486486486487
sold_1539,72,0.7777777777777778
sold_1540,15,0.5333333333333333
sold_1541,14,0.7857142857142857
sold_1542,14,0.8571428571428571
sold_1543,7,0.8571428571428571
sold_1544,29,0.6206896551724138
sold_1545,19,0.5263157894736842
sold_1546,12,0.5
sold_1547,54,0.5555555555555556
sold_1548,5,0.6
sold_1549,8,0.5
sold_1550,61,0.5737704918032787
sold_1551,31,0.6129032258064516
sold_1552,28,0.5357142857142857
sold_1553,8,0.875
sold_1554,21,0.7142857142857143
sold_1555,14,0.6428571428571429
sold_1556,6,0.5
sold_1557,3,1.0
sold_1558,6,0.5
sold_1559,16,0.5625
sold_1560,4,0.5
sold_1561,12,0.5
sold_1562,5,0.4
sold_1563,31,0.45161290322580644
sold_1564,11,0.5454545454545454
sold_1565,7,0.7142857142857143
sold_1566,7,0.7142857142857143
sold_1567,58,0.5172413793103449
sold_1568,5,1.0
sold_1569,13,0.6923076923076923
sold_1570,8,0.5
sold_1571,8,0.625
sold_1572,33,0.8181818181818182
sold_1573,11,0.36363636363636365
sold_1574,11,0.2727272727272727
sold_1575,3,1.0
sold_1576,11,0.6363636363636364
sold_1577,23,0.5652173913043478
sold_1578,37,0.43243243243243246
sold_1579,4,0.25
sold_1580,4,0.5
sold_1581,2,0.5
sold_1582,27,0.48148148148148145
sold_1583,7,0.5714285714285714
sold_1584,15,0.8
sold_1585,36,0.6666666666666666
sold_1586,37,0.5945945945945946
sold_1587,4,0.5
sold_1588,12,0.5
sold_1589,10,0.8
sold_1590,13,0.38461538461538464
sold_1591,16,0.5
sold_1592,12,0.5833333333333334
sold_1593,8,0.5
sold_1594,10,0.3
sold_1595,40,0.525
sold_1596,3,0.3333333333333333
sold_1597,0,
sold_1598,3,0.3333333333333333
sold_1599,7,0.5714285714285714
sold_1600,24,0.5
sold_1601,3,1.0
sold_1602,28,0.6428571428571429
sold_1603,24,0.5
sold_1604,12,0.5833333333333334
sold_1605,11,0.6363636363636364
sold_1606,39,0.5897435897435898
sold_1607,8,0.625
sold_1608,8,0.375
sold_1609,11,0.45454545454545453
sold_1610,4,0.75
sold_1611,13,0.46153846153846156
sold_1612,4,0.25
sold_1613,41,0.5121951219512195
sold_1614,20,0.7
sold_1615,37,0.7567567567567568
sold_1616,22,0.5454545454545454
sold_1617,39,0.6666666666666666
sold_1618,14,0.7857142857142857
sold_1619,25,0.48
sold_1620,5,0.6
sold_1621,3,0.6666666666666666
sold_1622,14,0.6428571428571429
sold_1623,14,0.7857142857142857
sold_1624,4,0.5
sold_1625,8,0.625
sold_1626,4,0.5
sold_1627,30,0.43333333333333335
sold_1628,11,0.6363636363636364
sold_1629,27,0.5925925925925926
sold_1630,15,0.6
sold_1631,17,0.6470588235294118
sold_1632,18,0.8333333333333334
sold_1633,6,0.8333333333333334
sold_1634,4,0.5
sold_1635,30,0.43333333333333335
sold_1636,15,0.6666666666666666
sold_1637,9,0.4444444444444444
sold_1638,15,0.6666666666666666
sold_1639,6,0.8333333333333334
sold_1640,5,0.8
sold_1641,43,0.6046511627906976
sold_1642,22,0.5
sold_1643,4,0.5
sold_1644,1,1.0
sold_1645,15,0.6666666666666666
sold_1646,5,0.6
sold_1647,12,0.8333333333333334
sold_1648,5,0.8
sold_1649,2,0.5
sold_1650,36,0.5
sold_1651,6,0.3333333333333333
sold_1652,18,0.6111111111111112
sold_1653,5,0.8
sold_1654,43,0.627906976744186
sold_1655,8,0.5
sold_1656,28,0.4642857142857143
sold_1657,17,0.47058823529411764
sold_1658,7,0.8571428571428571
sold_1659,10,0.7
sold_1660,6,0.6666666666666666
sold_1661,15,0.6666666666666666
sold_1662,3,0.6666666666666666
sold_1663,35,0.8285714285714286
sold_1664,10,0.3
sold_1665,4,0.75
sold_1666,17,0.7058823529411765
sold_1667,14,0.5714285714285714
sold_1668,18,0.4444444444444444
sold_1669,0,
sold_1670,7,0.8571428571428571
sold_1671,25,0.48
sold_1672,5,0.6
sold_1673,37,0.7297297297297297
sold_1674,8,0.625
sold_1675,17,0.7647058823529411
sold_1676,31,0.6129032258064516
sold_1677,6,0.8333333333333334
sold_1678,13,0.5384615384615384
sold_1679,10,0.7
sold_1680,10,0.5
sold_1681,5,0.8
sold_1682,7,0.8571428571428571
sold_1683,34,0.5588235294117647
sold_1684,15,0.6
sold_1685,13,0.6923076923076923
sold_1686,12,0.75
sold_1687,7,0.42857142857142855
sold_1688,24,0.75
sold_1689,5,0.2
sold_1690,3,1.0
sold_1691,9,0.6666666666666666
sold_1692,8,1.0
sold_1693,34,0.5294117647058824
sold_1694,6,0.6666666666666666
sold_1695,25,0.56
sold_1696,13,0.46153846153846156
sold_1697,15,0.3333333333333333
sold_1698,21,0.3333333333333333
sold_1699,8,0.125
sold_1700,21,0.42857142857142855
sold_1701,19,0.5789473684210527
sold_1702,14,0.5714285714285714
sold_1703,21,0.38095238095238093
sold_1704,9,0.6666666666666666
sold_1705,13,0.38461538461538464
sold_1706,15,0.6666666666666666
sold_1707,12,0.4166666666666667
sold_1708,8,0.625
sold_1709,11,0.36363636363636365
sold_1710,10,0.4
sold_1711,7,0.7142857142857143
sold_1712,5,0.8
sold_1713,7,0.5714285714285714
sold_1714,11,0.6363636363636364
sold_1715,20,0.6
sold_1716,38,0.5263157894736842
sold_1717,30,0.5
sold_1718,11,0.45454545454545453
sold_1719,6,0.8333333333333334
sold_1720,14,0.7142857142857143
sold_1721,14,0.5714285714285714
sold_1722,12,0.8333333333333334
sold_1723,15,0.5333333333333333
sold_1724,24,0.4583333333333333
sold_1725,8,0.5
sold_1726,2,1.0
sold_1727,34,0.6176470588235294
sold_1728,16,0.6875
sold_1729,7,0.5714285714285714
sold_1730,15,0.4
sold_1731,15,0.6
sold_1732,20,0.85
sold_1733,24,0.75
sold_1734,37,0.7837837837837838
sold_1735,11,0.5454545454545454
sold_1736,20,0.9
sold_1737,6,0.5
sold_1738,11,0.7272727272727273
sold_1739,26,0.6153846153846154
sold_1740,15,0.4666666666666667
sold_1741,8,0.75
sold_1742,3,0.3333333333333333
sold_1743,2,0.5
sold_1744,6,0.8333333333333334
sold_1745,6,0.8333333333333334
sold_1746,34,0.6176470588235294
sold_1747,5,0.8
sold_1748,28,0.35714285714285715
sold_1749,30,0.6666666666666666
sold_1750,6,0.5
sold_1751,23,0.5652173913043478
sold_1752,8,0.375
sold_1753,4,1.0
sold_1754,10,0.6
sold_1755,22,0.6363636363636364
sold_1756,8,0.5
sold_1757,23,0.5217391304347826
sold_1758,36,0.6944444444444444
sold_1759,8,0.625
sold_1760,8,0.75
sold_1761,9,0.4444444444444444
sold_1762,10,0.6
sold_1763,21,0.42857142857142855
sold_1764,17,0.6470588235294118
sold_1765,9,0.3333333333333333
sold_1766,15,0.7333333333333333
sold_1767,9,0.5555555555555556
sold_1768,24,0.7083333333333334
sold_1769,18,0.6111111111111112
sold_1770,10,0.5
sold_1771,12,0.5833333333333334
sold_1772,4,0.5
sold_1773,14,0.5714285714285714
sold_1774,16,0.375
sold_1775,42,0.5714285714285714
sold_1776,20,0.6
sold_1777,14,0.5
sold_1778,14,0.5714285714285714
sold_1779,6,0.8333333333333334
sold_1780,16,0.4375
sold_1781,7,0.7142857142857143
sold_1782,14,0.42857142857142855
sold_1783,20,0.6
sold_1784,8,0.75
sold_1785,24,0.5
sold_1786,9,0.3333333333333333
sold_1787,9,0.6666666666666666
sold_1788,9,0.5555555555555556
sold_1789,18,0.5
sold_1790,18,0.6666666666666666
sold_1791,4,0.75
sold_1792,17,0.7058823529411765
sold_1793,4,1.0
sold_1794,9,0.5555555555555556
sold_1795,19,0.6842105263157895
sold_1796,28,0.5357142857142857
sold_1797,22,0.5909090909090909
sold_1798,12,0.6666666666666666
sold_1799,10,0.6
sold_1800,24,0.5833333333333334
sold_1801,39,0.46153846153846156
sold_1802,27,0.5185185185185185
sold_1803,40,0.575
sold_1804,6,0.8333333333333334
sold_1805,34,0.5588235294117647
sold_1806,5,0.8
sold_1807,43,0.5813953488372093
sold_1808,5,0.8
sold_1809,4,0.5
sold_1810,19,0.5263157894736842
sold_1811,3,0.0
sold_1812,23,0.782608695652174
sold_1813,40,0.625
sold_1814,5,0.4
sold_1815,13,0.38461538461538464
sold_1816,17,0.7058823529411765
sold_1817,8,0.625
sold_1818,7,0.8571428571428571
sold_1819,66,0.6666666666666666
sold_1820,8,0.375
sold_1821,7,0.42857142857142855
sold_1822,5,0.8
sold_1823,33,0.6363636363636364
sold_1824,9,0.5555555555555556
sold_1825,12,0.6666666666666666
sold_1826,38,0.47368421052631576
sold_1827,17,0.7647058823529411
sold_1828,15,1.0
sold_1829,6,0.6666666666666666
sold_1830,6,0.6666666666666666
sold_1831,21,0.7142857142857143
sold_1832,30,0.7
sold_1833,14,0.5
sold_1834,11,0.5454545454545454
sold_1835,6,0.5
sold_1836,4,0.5
sold_1837,14,0.6428571428571429
sold_1838,24,0.7083333333333334
sold_1839,8,0.625
sold_1840,8,0.625
sold_1841,23,0.6521739130434783
sold_1842,2,0.5
sold_1843,10,0.5
sold_1844,16,0.6875
sold_1845,8,0.75
sold_1846,14,0.5714285714285714
sold_1847,22,0.45454545454545453
sold_1848,46,0.6521739130434783
sold_1849,11,0.5454545454545454
sold_1850,44,0.7272727272727273
sold_1851,8,0.5
sold_1852,5,0.6
sold_1853,6,0.6666666666666666
sold_1854,5,0.6
sold_1855,12,0.75
sold_1856,11,0.6363636363636364
sold_1857,20,0.5
sold_1858,10,0.7
sold_1859,5,0.8
sold_1860,5,0.4
sold_1861,15,0.5333333333333333
sold_1862,19,0.7368421052631579
sold_1863,45,0.6444444444444445
sold_1864,53,0.5283018867924528
sold_1865,4,0.5
sold_1866,37,0.6486486486486487
sold_1867,4,1.0
sold_1868,5,0.8
sold_1869,29,0.7931034482758621
sold_1870,9,1.0
sold_1871,8,0.75
sold_1872,5,0.2
sold_1873,35,0.34285714285714286
sold_1874,5,0.6
sold_1875,12,0.75
sold_1876,8,0.5
sold_1877,14,0.7142857142857143
sold_1878,17,0.5294117647058824
sold_1879,3,0.3333333333333333
sold_1880,40,0.675
sold_1881,9,0.7777777777777778
sold_1882,38,0.631578947368421
sold_1883,5,0.4
sold_1884,8,0.375
sold_1885,21,0.5714285714285714
sold_1886,20,0.8
sold_1887,7,0.5714285714285714
sold_1888,11,0.6363636363636364
sold_1889,23,0.6086956521739131
sold_1890,21,0.6666666666666666
sold_1891,2,0.5
sold_1892,11,0.6363636363636364
sold_1893,3,0.3333333333333333
sold_1894,4,0.25
sold_1895,8,0.375
sold_1896,61,0.5081967213114754
sold_1897,8,0.875
sold_1898,17,0.7058823529411765
sold_1899,10,0.6
sold_1900,48,0.625
sold_1901,5,0.6
sold_1902,19,0.6842105263157895
sold_1903,7,0.2857142857142857
sold_1904,7,0.7142857142857143
sold_1905,23,0.7391304347826086
sold_1906,7,0.42857142857142855
sold_1907,15,0.6
sold_1908,12,0.5833333333333334
sold_1909,20,0.6
sold_1910,6,0.5
sold_1911,38,0.5789473684210527
sold_1912,9,0.7777777777777778
sold_1913,13,0.6153846153846154
sold_1914,5,0.2
sold_1915,6,0.5
sold_1916,14,0.5714285714285714
sold_1917,2,1.0
sold_1918,3,0.6666666666666666
sold_1919,30,0.5333333333333333
sold_1920,13,0.6923076923076923
sold_1921,14,0.7142857142857143
sold_1922,6,0.16666666666666666
sold_1923,3,0.6666666666666666
sold_1924,15,0.7333333333333333
sold_1925,62,0.5161290322580645
sold_1926,8,0.375
sold_1927,14,0.5714285714285714
sold_1928,13,0.6153846153846154
sold_1929,2,0.5
sold_1930,12,1.0
sold_1931,19,0.7368421052631579
sold_1932,4,0.5
sold_1933,3,1.0
sold_1934,5,0.6
sold_1935,42,0.6428571428571429
sold_1936,47,0.6382978723404256
sold_1937,8,0.5
sold_1938,11,0.6363636363636364
sold_1939,5,0.6
sold_1940,20,0.65
sold_1941,40,0.375
sold_1942,6,0.5
sold_1943,21,0.42857142857142855
sold_1944,5,1.0
sold_1945,10,0.6
sold_1946,15,0.8666666666666667
sold_1947,3,0.3333333333333333
sold_1948,7,0.7142857142857143
sold_1949,2,1.0
sold_1950,4,0.25
sold_1951,5,0.8
sold_1952,7,0.42857142857142855
sold_1953,16,0.6875
sold_1954,26,0.5769230769230769
sold_1955,17,0.5882352941176471
sold_1956,22,0.7727272727272727
sold_1957,11,0.6363636363636364
sold_1958,8,0.5
sold_1959,13,0.38461538461538464
sold_1960,6,1.0
sold_1961,60,0.5666666666666667
sold_1962,12,0.6666666666666666
sold_1963,6,0.5
sold_1964,7,0.2857142857142857
sold_1965,27,0.4444444444444444
sold_1966,29,0.5172413793103449
sold_1967,17,0.29411764705882354
sold_1968,5,0.2
sold_1969,8,0.625
sold_1970,32,0.6875
sold_1971,8,0.625
sold_1972,9,0.6666666666666666
sold_1973,3,0.6666666666666666
sold_1974,15,0.4666666666666667
sold_1975,3,0.6666666666666666
sold_1976,41,0.6829268292682927
sold_1977,15,0.4666666666666667
sold_1978,24,0.6666666666666666
sold_1979,3,1.0
sold_1980,23,0.43478260869565216
sold_1981,4,0.75
sold_1982,10,0.6
sold_1983,45,0.7777777777777778
sold_1984,9,0.6666666666666666
sold_1985,8,0.375
sold_1986,34,0.6176470588235294
sold_1987,17,0.47058823529411764
sold_1988,30,0.43333333333333335
sold_1989,37,0.43243243243243246
sold_1990,10,0.9
sold_1991,7,0.2857142857142857
sold_1992,5,0.4
sold_1993,12,0.5833333333333334
sold_1994,10,0.7
sold_1995,15,0.9333333333333333
sold_1996,14,0.8571428571428571
sold_1997,29,0.5172413793103449
sold_1998,6,1.0
sold_1999,14,0.6428571428571429
sold_2000,1,0.0
sold_2001,11,0.7272727272727273
sold_2002,4,0.75
sold_2003,5,0.4
sold_2004,4,0.75
sold_2005,20,0.75
sold_2006,39,0.6410256410256411
sold_2007,32,0.53125
sold_2008,21,0.7619047619047619
sold_2009,22,0.6818181818181818
sold_2010,16,0.375
sold_2011,28,0.6071428571428571
sold_2012,20,0.4
sold_2013,15,0.4
sold_2014,14,0.21428571428571427
sold_2015,25,0.52
sold_2016,10,0.4
sold_2017,14,0.7857142857142857
sold_2018,42,0.5952380952380952
sold_2019,19,0.6842105263157895
sold_2020,8,0.75
sold_2021,42,0.7380952380952381
sold_2022,3,0.3333333333333333
sold_2023,4,0.75
sold_2024,15,0.5333333333333333
sold_2025,10,0.7
sold_2026,9,0.6666666666666666
sold_2027,7,0.5714285714285714
sold_2028,18,0.7222222222222222
sold_2029,15,0.6666666666666666
sold_2030,6,0.6666666666666666
sold_2031,5,0.4
sold_2032,14,0.5714285714285714
sold_2033,9,0.5555555555555556
sold_2034,3,0.0
sold_2035,41,0.5121951219512195
sold_2036,25,0.6
sold_2037,16,0.6875
sold_2038,5,1.0
sold_2039,26,0.8076923076923077
sold_2040,8,0.875
sold_2041,12,0.6666666666666666
sold_2042,4,0.75
sold_2043,13,0.7692307692307693
sold_2044,9,0.4444444444444444
sold_2045,5,0.6
sold_2046,33,0.7272727272727273
sold_2047,15,0.5333333333333333
sold_2048,28,0.5714285714285714
sold_2049,31,0.6129032258064516
sold_2050,16,0.8125
sold_2051,6,0.3333333333333333
sold_2052,5,0.4
sold_2053,5,0.2
sold_2054,16,0.375
sold_2055,10,0.8
sold_2056,5,0.8
sold_2057,8,0.875
sold_2058,31,0.6774193548387096
sold_2059,10,0.8
sold_2060,7,0.8571428571428571
sold_2061,16,0.1875
sold_2062,11,0.45454545454545453
sold_2063,3,0.6666666666666666
sold_2064,8,0.5
sold_2065,14,0.2857142857142857
sold_2066,14,0.7142857142857143
sold_2067,13,0.6153846153846154
sold_2068,13,0.6153846153846154
sold_2069,24,0.7916666666666666
sold_2070,8,0.375
sold_2071,3,1.0
sold_2072,24,0.5416666666666666
sold_2073,20,0.7
sold_2074,10,0.7
sold_2075,9,0.5555555555555556
sold_2076,6,0.6666666666666666
sold_2077,24,0.5833333333333334
sold_2078,5,0.4
sold_2079,9,0.4444444444444444
sold_2080,33,0.5454545454545454
sold_2081,12,0.75
sold_2082,9,0.6666666666666666
sold_2083,5,0.6
sold_2084,4,0.5
sold_2085,10,0.6
sold_2086,3,0.6666666666666666
sold_2087,6,0.6666666666666666
sold_2088,8,0.375
sold_2089,3,0.3333333333333333
sold_2090,9,0.7777777777777778
sold_2091,14,0.7142857142857143
sold_2092,3,0.6666666666666666
sold_2093,5,1.0
sold_2094,10,0.6
sold_2095,4,0.75
sold_2096,4,0.75
sold_2097,4,0.75
sold_2098,13,0.46153846153846156
sold_2099,9,0.6666666666666666
sold_2100,14,0.8571428571428571
sold_2101,16,0.5
sold_2102,17,0.4117647058823529
sold_2103,14,0.5714285714285714
sold_2104,5,0.8
sold_2105,4,0.75
sold_2106,7,0.5714285714285714
sold_2107,20,0.7
sold_2108,14,0.5
sold_2109,4,0.75
sold_2110,17,0.7647058823529411
sold_2111,12,0.8333333333333334
sold_2112,21,0.5714285714285714
sold_2113,14,0.7857142857142857
sold_2114,45,0.6222222222222222
sold_2115,7,0.5714285714285714
sold_2116,18,0.6666666666666666
sold_2117,4,0.5
sold_2118,3,1.0
sold_2119,29,0.7931034482758621
sold_2120,64,0.546875
sold_2121,15,0.6666666666666666
sold_2122,7,0.42857142857142855
sold_2123,10,0.7
sold_2124,11,0.6363636363636364
sold_2125,9,0.6666666666666666
sold_2126,36,0.5277777777777778
sold_2127,16,0.6875
sold_2128,13,0.5384615384615384
sold_2129,13,0.5384615384615384
sold_2130,7,0.8571428571428571
sold_2131,7,0.5714285714285714
sold_2132,42,0.7142857142857143
sold_2133,13,0.9230769230769231
sold_2134,26,0.6923076923076923
sold_2135,15,0.5333333333333333
sold_2136,6,0.3333333333333333
sold_2137,16,0.75
sold_2138,16,0.4375
sold_2139,13,0.6153846153846154
sold_2140,5,0.2
sold_2141,34,0.6176470588235294
sold_2142,25,0.68
sold_2143,11,0.45454545454545453
sold_2144,16,0.875
sold_2145,17,0.35294117647058826
sold_2146,4,0.5
sold_2147,5,0.6
sold_2148,46,0.7608695652173914
sold_2149,3,0.6666666666666666
sold_2150,12,0.3333333333333333
sold_2151,15,0.4
sold_2152,53,0.6037735849056604
sold_2153,13,0.5384615384615384
sold_2154,14,0.42857142857142855
sold_2155,20,0.3
sold_2156,6,0.3333333333333333
sold_2157,9,0.5555555555555556
sold_2158,12,0.75
sold_2159,7,0.5714285714285714
sold_2160,14,0.6428571428571429
sold_2161,11,0.6363636363636364
sold_2162,12,0.5833333333333334
sold_2163,12,0.6666666666666666
sold_2164,14,0.5714285714285714
sold_2165,20,0.6
sold_2166,47,0.7446808510638298
sold_2167,5,0.4
sold_2168,8,0.625
sold_2169,27,0.5925925925925926
sold_2170,34,0.4117647058823529
sold_2171,38,0.6052631578947368
sold_2172,21,0.42857142857142855
sold_2173,10,0.4
sold_2174,18,0.6666666666666666
sold_2175,43,0.627906976744186
sold_2176,5,0.2
sold_2177,5,0.2
sold_2178,6,0.6666666666666666
sold_2179,21,0.9047619047619048
sold_2180,10,0.3
sold_2181,20,0.5
sold_2182,10,0.7
sold_2183,6,0.5
sold_2184,16,0.6875
sold_2185,24,0.4583333333333333
sold_2186,20,0.8
sold_2187,25,0.72
sold_2188,8,0.5
sold_2189,10,0.5
sold_2190,6,0.3333333333333333
sold_2191,15,0.4666666666666667
sold_2192,11,0.45454545454545453
sold_2193,10,0.6
sold_2194,16,0.5
sold_2195,8,0.75
sold_2196,5,0.6
sold_2197,5,0.8
sold_2198,6,0.3333333333333333
sold_2199,7,0.7142857142857143
sold_2200,5,0.2
sold_2201,4,0.75
sold_2202,43,0.6976744186046512
sold_2203,13,0.46153846153846156
sold_2204,8,0.5
sold_2205,6,0.3333333333333333
sold_2206,9,0.5555555555555556
sold_2207,9,0.5555555555555556
sold_2208,8,0.625
sold_2209,7,1.0
sold_2210,8,0.75
sold_2211,3,1.0
sold_2212,8,0.5
sold_2213,19,0.631578947368421
sold_2214,33,0.42424242424242425
sold_2215,1,0.0
sold_2216,28,0.5357142857142857
sold_2217,6,0.3333333333333333
sold_2218,37,0.7027027027027027
sold_2219,12,0.5833333333333334
sold_2220,16,0.5625
sold_2221,3,0.6666666666666666
sold_2222,3,1.0
sold_2223,27,0.6666666666666666
sold_2224,8,0.75
sold_2225,15,0.4
sold_2226,7,0.42857142857142855
sold_2227,2,1.0
sold_2228,13,0.8461538461538461
sold_2229,9,0.7777777777777778
sold_2230,4,0.5
sold_2231,37,0.7837837837837838
sold_2232,28,0.7857142857142857
sold_2233,33,0.7272727272727273
sold_2234,13,0.6153846153846154
sold_2235,14,0.5714285714285714
sold_2236,7,0.42857142857142855
sold_2237,7,0.7142857142857143
sold_2238,4,1.0
sold_2239,7,0.7142857142857143
sold_2240,5,0.4
sold_2241,19,0.5263157894736842
sold_2242,4,0.5
sold_2243,21,0.7142857142857143
sold_2244,17,0.47058823529411764
sold_2245,9,0.6666666666666666
sold_2246,21,0.6666666666666666
sold_2247,4,0.25
sold_2248,6,0.16666666666666666
sold_2249,22,0.5454545454545454
sold_2250,3,0.6666666666666666
sold_2251,12,0.5
sold_2252,42,0.5238095238095238
sold_2253,24,0.5416666666666666
sold_2254,7,0.7142857142857143
sold_2255,8,0.625
sold_2256,3,0.6666666666666666
sold_2257,19,0.7894736842105263
sold_2258,6,0.8333333333333334
sold_2259,23,0.5217391304347826
sold_2260,11,0.6363636363636364
sold_2261,12,0.5833333333333334
sold_2262,11,0.5454545454545454
sold_2263,7,0.14285714285714285
sold_2264,30,0.26666666666666666
sold_2265,13,0.7692307692307693
sold_2266,14,0.6428571428571429
sold_2267,4,0.75
sold_2268,13,0.6923076923076923
sold_2269,40,0.625
sold_2270,32,0.625
sold_2271,3,0.3333333333333333
sold_2272,10,0.8
sold_2273,7,0.42857142857142855
sold_2274,17,0.6470588235294118
sold_2275,5,0.8
sold_2276,3,0.6666666666666666
sold_2277,18,0.5555555555555556
sold_2278,11,0.5454545454545454
sold_2279,10,0.4
sold_2280,16,0.5
sold_2281,8,0.875
sold_2282,27,0.7037037037037037
sold_2283,9,0.5555555555555556
sold_2284,4,0.5
sold_2285,6,0.5
sold_2286,23,0.5652173913043478
sold_2287,11,0.9090909090909091
sold_2288,11,0.5454545454545454
sold_2289,18,0.4444444444444444
sold_2290,6,0.6666666666666666
sold_2291,23,0.6086956521739131
sold_2292,10,0.4
sold_2293,5,0.4
sold_2294,7,0.7142857142857143
sold_2295,10,0.6
sold_2296,12,0.5
sold_2297,16,0.75
sold_2298,10,0.4
sold_2299,14,0.5
sold_2300,19,0.5263157894736842
sold_2301,8,0.375
sold_2302,3,0.6666666666666666
sold_2303,9,0.6666666666666666
sold_2304,33,0.696969696969697
sold_2305,11,0.8181818181818182
sold_2306,31,0.6451612903225806
sold_2307,22,0.7272727272727273
sold_2308,15,0.5333333333333333
sold_2309,12,0.4166666666666667
sold_2310,18,0.8333333333333334
sold_2311,4,1.0
sold_2312,18,0.3888888888888889
sold_2313,7,0.42857142857142855
sold_2314,7,0.42857142857142855
sold_2315,37,0.4864864864864865
sold_2316,7,0.42857142857142855
sold_2317,3,1.0
sold_2318,16,0.3125
sold_2319,18,0.5
sold_2320,40,0.475
sold_2321,16,0.8125
sold_2322,5,0.4
sold_2323,7,0.5714285714285714
sold_2324,7,0.42857142857142855
sold_2325,41,0.5609756097560976
sold_2326,3,0.6666666666666666
sold_2327,39,0.6153846153846154
sold_2328,6,0.8333333333333334
sold_2329,45,0.7111111111111111
sold_2330,9,0.5555555555555556
sold_2331,45,0.4888888888888889
sold_2332,17,0.6470588235294118
sold_2333,15,0.5333333333333333
sold_2334,7,0.5714285714285714
sold_2335,22,0.45454545454545453
sold_2336,8,0.625
sold_2337,8,0.625
sold_2338,6,0.3333333333333333
sold_2339,6,0.8333333333333334
sold_2340,13,0.6923076923076923
sold_2341,5,0.8
sold_2342,19,0.5263157894736842
sold_2343,5,1.0
sold_2344,8,0.5
sold_2345,7,0.5714285714285714
sold_2346,5,0.8
sold_2347,16,0.625
sold_2348,17,0.7647058823529411
sold_2349,26,0.6153846153846154
sold_2350,8,0.25
sold_2351,5,0.6
sold_2352,5,0.2
sold_2353,2,0.5
sold_2354,10,0.6
sold_2355,36,0.5833333333333334
sold_2356,10,0.8
sold_2357,3,0.3333333333333333
sold_2358,22,0.7727272727272727
sold_2359,8,0.25
sold_2360,30,0.43333333333333335
sold_2361,17,0.5294117647058824
sold_2362,20,0.6
sold_2363,37,0.5675675675675675
sold_2364,10,0.8
sold_2365,45,0.6
sold_2366,15,0.7333333333333333
sold_2367,6,0.5
sold_2368,7,0.7142857142857143
sold_2369,12,0.4166666666666667
sold_2370,1,0.0
sold_2371,1,0.0
sold_2372,32,0.46875
sold_2373,28,0.75
sold_2374,37,0.6216216216216216
sold_2375,15,0.4666666666666667
sold_2376,14,0.6428571428571429
sold_2377,31,0.6774193548387096
sold_2378,11,0.5454545454545454
sold_2379,7,0.42857142857142855
sold_2380,5,0.0
sold_2381,2,0.5
sold_2382,35,0.7714285714285715
sold_2383,8,0.5
sold_2384,17,0.47058823529411764
sold_2385,27,0.7407407407407407
sold_2386,21,0.5238095238095238
sold_2387,7,0.5714285714285714
sold_2388,7,0.8571428571428571
sold_2389,12,0.4166666666666667
sold_2390,12,0.5
sold_2391,19,0.5789473684210527
sold_2392,6,0.6666666666666666
sold_2393,6,0.6666666666666666
sold_2394,14,0.7857142857142857
sold_2395,10,0.5
sold_2396,11,0.5454545454545454
sold_2397,19,0.631578947368421
sold_2398,5,0.2
sold_2399,7,0.7142857142857143
sold_2400,5,0.4
sold_2401,41,0.5609756097560976
sold_2402,20,0.55
sold_2403,34,0.7058823529411765
sold_2404,36,0.7222222222222222
sold_2405,17,0.6470588235294118
sold_2406,19,0.47368421052631576
sold_2407,13,0.5384615384615384
sold_2408,18,0.6111111111111112
sold_2409,26,0.8076923076923077
sold_2410,13,0.5384615384615384
sold_2411,6,0.5
sold_2412,0,
sold_2413,18,0.8333333333333334
sold_2414,5,0.2
sold_2415,39,0.6923076923076923
sold_2416,6,0.6666666666666666
sold_2417,3,0.6666666666666666
sold_2418,7,0.5714285714285714
sold_2419,23,0.43478260869565216
sold_2420,13,0.38461538461538464
sold_2421,50,0.72
sold_2422,3,0.3333333333333333
sold_2423,24,0.75
sold_2424,26,0.4230769230769231
sold_2425,11,0.36363636363636365
sold_2426,14,0.35714285714285715
sold_2427,5,0.8
sold_2428,21,0.5714285714285714
sold_2429,8,0.625
sold_2430,6,0.6666666666666666
sold_2431,14,0.7857142857142857
sold_2432,47,0.5531914893617021
sold_2433,12,0.5833333333333334
sold_2434,12,0.5833333333333334
sold_2435,16,0.5625
sold_2436,32,0.46875
sold_2437,8,0.625
sold_2438,9,0.1111111111111111
sold_2439,6,0.6666666666666666
sold_2440,19,0.8421052631578947
sold_2441,18,0.7222222222222222
sold_2442,38,0.5789473684210527
sold_2443,9,0.6666666666666666
sold_2444,2,1.0
sold_2445,18,0.5
sold_2446,18,0.5555555555555556
sold_2447,25,0.44
sold_2448,37,0.7297297297297297
sold_2449,2,1.0
sold_2450,9,0.6666666666666666
sold_2451,28,0.5714285714285714
sold_2452,7,0.14285714285714285
sold_2453,5,0.6
sold_2454,14,0.7857142857142857
sold_2455,24,0.6666666666666666
sold_2456,7,0.42857142857142855
sold_2457,5,0.4
sold_2458,46,0.5652173913043478
sold_2459,14,0.6428571428571429
sold_2460,21,0.5238095238095238
sold_2461,36,0.5277777777777778
sold_2462,8,0.625
sold_2463,8,0.5
sold_2464,15,0.5333333333333333
sold_2465,5,0.8
sold_2466,5,0.8
sold_2467,3,0.6666666666666666
sold_2468,8,0.75
sold_2469,5,0.6
sold_2470,5,0.6
sold_2471,19,0.47368421052631576
sold_2472,34,0.47058823529411764
sold_2473,6,0.6666666666666666
sold_2474,14,0.7857142857142857
sold_2475,7,0.42857142857142855
sold_2476,6,0.8333333333333334
sold_2477,7,0.7142857142857143
sold_2478,22,0.7727272727272727
sold_2479,17,0.35294117647058826
sold_2480,18,0.5555555555555556
sold_2481,41,0.5609756097560976
sold_2482,8,0.5
sold_2483,7,0.7142857142857143
sold_2484,10,0.7
sold_2485,21,0.6666666666666666
sold_2486,11,0.45454545454545453
sold_2487,16,0.625
sold_2488,26,0.5769230769230769
sold_2489,6,0.6666666666666666
sold_2490,21,0.6666666666666666
sold_2491,5,0.0
sold_2492,20,0.75
sold_2493,2,0.5
sold_2494,7,0.7142857142857143
sold_2495,27,0.7777777777777778
sold_2496,7,0.7142857142857143
sold_2497,17,0.5882352941176471
sold_2498,22,0.6818181818181818
sold_2499,47,0.6595744680851063
sold_2500,19,0.42105263157894735
