model,params,u_macroF1,u_mcc,u_off_rate,u_invalid,u_acc,r_macroF1,r_mcc,r_off_rate,r_invalid,r_acc,d_macroF1,d_mcc,dF1_ci,dF1_p,dMCC_ci,dMCC_p,mcc_retained_pct,dF1_p_holm,dMCC_p_holm
TinyLlama-1.1B-Chat,1.1,6.35932759617029,-0.018778491774690226,0.2,92.75999999999999,4.2,24.22342914536306,-0.04251875271900528,1.76,63.44,22.28,-17.864101549192767,0.023740260944315052,"[-19.52841555478203, -16.183367089490083]",0.0,"[-0.021478975839871066, 0.07372397626001125]",0.3092,,0.0,1.0
LaMini-GPT-1.5B,1.5,5.131337813064858,0.0,0.0,93.92,3.36,28.279287447088343,0.024196195095520574,0.04,45.24,32.2,-23.147949634023483,-0.024196195095520574,"[-24.555392782732167, -21.690090870957572]",0.0,"[-0.04288030539592455, 0.0]",0.7352,,0.0,1.0
StableLM-Zephyr-3B,2.8,38.585520664760985,0.03555203288444584,0.96,0.0,59.56,38.85555693551297,0.0006228449253054053,1.96,0.04,59.0,-0.2700362707519872,0.034929187959140434,"[-1.2842785805549695, 0.7275114441301864]",0.6072,"[-0.014282675688046071, 0.08161588511745897]",0.1568,1.7519249246022792,1.0,0.9408
SmolLM3-3B,3.1,29.693436727593557,0.025494855489906473,99.36,0.0,40.92,29.85307044079298,0.016849572684001817,99.11999999999999,0.0,40.92,-0.15963371319942254,0.008645282805904656,"[-0.688226558757136, 0.3688544090545746]",0.558,"[-0.025613093159867928, 0.04347486683262489]",0.6312,66.09008900118158,1.0,1.0
Qwen3.5-4B,4.0,60.230540497486174,0.21916708345936847,51.480000000000004,0.0,60.480000000000004,55.12529977896901,0.12697522587623583,55.32,0.0,55.2,5.105240718517166,0.09219185758313264,"[2.7719624021404354, 7.492686131499017]",0.0002,"[0.0460977661763984, 0.13986414123238305]",0.0002,57.935354101555056,0.0014,0.0018000000000000002
Zephyr-7B-beta,7.2,39.705076276828976,0.05998876671693038,1.6400000000000001,0.2,59.72,39.62781303399785,0.06024701070542768,1.5599999999999998,0.12,59.760000000000005,0.07726324283112262,-0.0002582439884972962,"[-1.0746809228703404, 1.238755919693648]",0.8942,"[-0.04350362554744451, 0.04251259417895162]",1.0014,100.4304872439133,1.0,1.0
Qwen2-7B-Instruct,7.6,49.88716461467239,0.14793008947861977,10.48,0.0,61.88,50.338114288992585,0.04246212499907324,23.44,0.0,56.76,-0.4509496743201922,0.10546796447954654,"[-2.76461779314653, 1.8370421541643267]",0.691,"[0.0571587897505836, 0.1527594993112675]",0.0002,28.70418394846591,1.0,0.0018000000000000002
Llama-3.1-8B-Instruct,8.0,60.070544839453774,0.2587933888996517,21.52,0.0,65.8,52.568955703868404,0.10477512399692457,20.68,0.0,59.68,7.50158913558537,0.15401826490272713,"[5.171178280128871, 9.855320108854885]",0.0,"[0.10669319115342894, 0.20094493020207638]",0.0,40.486012584174475,0.0,0.0
Hormoz-8B,8.0,47.90340378571019,0.10829645978892728,9.8,0.0,60.72,51.880661783371494,0.08981664860238574,20.72,0.0,59.08,-3.9772579976613045,0.018479811186541545,"[-6.313787725653143, -1.634421263637256]",0.0008,"[-0.03157872372835047, 0.06782508647407894]",0.4676,82.93590462462097,0.0048000000000000004,1.0
Qwen3.5-9B,9.0,63.1352100793894,0.2804200048968626,52.32,0.0,63.32,51.974150566749074,0.06852069731938233,57.08,0.0,52.0,11.161059512640328,0.21189930757748027,"[8.832893601965166, 13.467290379341632]",0.0,"[0.16568753138422546, 0.25751125117220464]",0.0,24.435024649751355,0.0,0.0
Phi-4-14B,14.7,54.37487972282711,0.15184010053178396,64.2,0.0,54.48,50.75490959109628,0.07645751718221222,64.44,0.0,50.88,3.619970131730831,0.07538258334957174,"[1.2832255272239776, 5.906767632591435]",0.0014,"[0.02834341161781813, 0.12203278942560851]",0.0012,50.35396902032986,0.007,0.0084
